"เดือน","ปีงบประมาณ","รหัสเครื่อง","ประเภทงานพิมพ์","สถานที่","หน่วยงาน","รุ่น","มิเตอร์ครั้งก่อน","มิเตอร์ครั้งหลัง","จำนวนแผ่น","กระดาษเสีย 3%","ยอดใช้สุทธิ","ราคา/แผ่น","ยอดเบิก (คำนวณ)","ยอดตามใบแจ้งหนี้","ผลต่าง","ตรวจสอบ"
"2568-09","2568","07RRBJMK100009N","ขาว-ดำ (เครื่องสี)","อาคารเรียนและปฏิบัติการรวม ชั้น 1","งานกิจการนักศึกษา งานวิเทศสัมพันธ์ งานประชาสัมพันธ์","SL-X4300LX","36,481","36,524","43 แผ่น","1 แผ่น","42 แผ่น","0.59","24.78","24.78","0.00","ปกติ"
"2568-09","2568","07RRBJMK100009N","สี (เครื่องสี)","อาคารเรียนและปฏิบัติการรวม ชั้น 1","งานกิจการนักศึกษา งานวิเทศสัมพันธ์ งานประชาสัมพันธ์","SL-X4300LX","17,554","17,891","337 แผ่น","10 แผ่น","327 แผ่น","2.90","948.30","948.30","0.00","ปกติ"
"2568-09","2568","0A3HB1DH600055M","ขาว-ดำ (เครื่องขาว-ดำ)","อาคารเรียนและปฏิบัติการรวม ชั้น 1","งานกิจการนักศึกษา งานวิเทศสัมพันธ์ งานประชาสัมพันธ์","SL-K7500LX","381,809","384,336","2,527 แผ่น","76 แผ่น","2,451 แผ่น","0.33","808.83","808.83","0.00","ปกติ"
"2568-08","2568","07RRBJMK100009N","ขาว-ดำ (เครื่องสี)","อาคารเรียนและปฏิบัติการรวม ชั้น 1","งานกิจการนักศึกษา งานวิเทศสัมพันธ์ งานประชาสัมพันธ์","SL-X4300LX","36,444","36,481","37 แผ่น","1 แผ่น","36 แผ่น","0.59","21.24","21.24","0.00","ปกติ"
"2568-08","2568","07RRBJMK100009N","สี (เครื่องสี)","อาคารเรียนและปฏิบัติการรวม ชั้น 1","งานกิจการนักศึกษา งานวิเทศสัมพันธ์ งานประชาสัมพันธ์","SL-X4300LX","17,389","17,554","165 แผ่น","5 แผ่น","160 แผ่น","2.90","464.00","464.00","0.00","ปกติ"
"2568-08","2568","0A3HB1DH600055M","ขาว-ดำ (เครื่องขาว-ดำ)","อาคารเรียนและปฏิบัติการรวม ชั้น 1","งานกิจการนักศึกษา งานวิเทศสัมพันธ์ งานประชาสัมพันธ์","SL-K7500LX","380,663","381,809","1,146 แผ่น","34 แผ่น","1,112 แผ่น","0.33","366.96","366.96","0.00","ปกติ"
"2568-07","2568","07RRBJMK100009N","ขาว-ดำ (เครื่องสี)","อาคารเรียนและปฏิบัติการรวม ชั้น 1","งานกิจการนักศึกษา งานวิเทศสัมพันธ์ งานประชาสัมพันธ์","SL-X4300LX","36,245","36,444","199 แผ่น","6 แผ่น","193 แผ่น","0.59","113.87","113.87","0.00","ปกติ"
"2568-07","2568","07RRBJMK100009N","สี (เครื่องสี)","อาคารเรียนและปฏิบัติการรวม ชั้น 1","งานกิจการนักศึกษา งานวิเทศสัมพันธ์ งานประชาสัมพันธ์","SL-X4300LX","16,720","17,389","669 แผ่น","20 แผ่น","649 แผ่น","2.90","1,882.10","1,882.10","0.00","ปกติ"
"2568-07","2568","0A3HB1DH600055M","ขาว-ดำ (เครื่องขาว-ดำ)","อาคารเรียนและปฏิบัติการรวม ชั้น 1","งานกิจการนักศึกษา งานวิเทศสัมพันธ์ งานประชาสัมพันธ์","SL-K7500LX","378,833","380,663","1,830 แผ่น","55 แผ่น","1,775 แผ่น","0.33","585.75","585.75","0.00","ปกติ"
"2568-06","2568","07RRBJMK100009N","ขาว-ดำ (เครื่องสี)","อาคารเรียนและปฏิบัติการรวม ชั้น 1","งานกิจการนักศึกษา งานวิเทศสัมพันธ์ งานประชาสัมพันธ์","SL-X4300LX","36,221","36,245","24 แผ่น","1 แผ่น","23 แผ่น","0.59","13.57","13.57","0.00","ปกติ"
"2568-06","2568","07RRBJMK100009N","สี (เครื่องสี)","อาคารเรียนและปฏิบัติการรวม ชั้น 1","งานกิจการนักศึกษา งานวิเทศสัมพันธ์ งานประชาสัมพันธ์","SL-X4300LX","16,429","16,720","291 แผ่น","9 แผ่น","282 แผ่น","2.90","817.80","817.80","0.00","ปกติ"
"2568-06","2568","0A3HB1DH600055M","ขาว-ดำ (เครื่องขาว-ดำ)","อาคารเรียนและปฏิบัติการรวม ชั้น 1","งานกิจการนักศึกษา งานวิเทศสัมพันธ์ งานประชาสัมพันธ์","SL-K7500LX","378,150","378,833","683 แผ่น","20 แผ่น","663 แผ่น","0.33","218.79","218.79","0.00","ปกติ"
"2568-05","2568","07RRBJMK100009N","ขาว-ดำ (เครื่องสี)","อาคารเรียนและปฏิบัติการรวม ชั้น 1","งานกิจการนักศึกษา งานวิเทศสัมพันธ์ งานประชาสัมพันธ์","SL-X4300LX","36,214","36,221","7 แผ่น","0 แผ่น","7 แผ่น","0.59","4.13","4.13","0.00","ปกติ"
"2568-05","2568","07RRBJMK100009N","สี (เครื่องสี)","อาคารเรียนและปฏิบัติการรวม ชั้น 1","งานกิจการนักศึกษา งานวิเทศสัมพันธ์ งานประชาสัมพันธ์","SL-X4300LX","16,332","16,429","97 แผ่น","3 แผ่น","94 แผ่น","2.90","272.60","272.60","0.00","ปกติ"
"2568-05","2568","0A3HB1DH600055M","ขาว-ดำ (เครื่องขาว-ดำ)","อาคารเรียนและปฏิบัติการรวม ชั้น 1","งานกิจการนักศึกษา งานวิเทศสัมพันธ์ งานประชาสัมพันธ์","SL-K7500LX","377,753","378,150","397 แผ่น","12 แผ่น","385 แผ่น","0.33","127.05","127.05","0.00","ปกติ"
"2568-04","2568","07RRBJMK100009N","ขาว-ดำ (เครื่องสี)","อาคารเรียนและปฏิบัติการรวม ชั้น 1","งานกิจการนักศึกษา งานวิเทศสัมพันธ์ งานประชาสัมพันธ์","SL-X4300LX","36,193","36,214","21 แผ่น","1 แผ่น","20 แผ่น","0.59","11.80","11.80","0.00","ปกติ"
"2568-04","2568","07RRBJMK100009N","สี (เครื่องสี)","อาคารเรียนและปฏิบัติการรวม ชั้น 1","งานกิจการนักศึกษา งานวิเทศสัมพันธ์ งานประชาสัมพันธ์","SL-X4300LX","15,891","16,332","441 แผ่น","13 แผ่น","428 แผ่น","2.90","1,241.20","1,241.20","0.00","ปกติ"
"2568-04","2568","0A3HB1DH600055M","ขาว-ดำ (เครื่องขาว-ดำ)","อาคารเรียนและปฏิบัติการรวม ชั้น 1","งานกิจการนักศึกษา งานวิเทศสัมพันธ์ งานประชาสัมพันธ์","SL-K7500LX","376,976","377,753","777 แผ่น","23 แผ่น","754 แผ่น","0.33","248.82","248.82","0.00","ปกติ"
"2568-03","2568","07RRBJMK100009N","ขาว-ดำ (เครื่องสี)","อาคารเรียนและปฏิบัติการรวม ชั้น 1","งานกิจการนักศึกษา งานวิเทศสัมพันธ์ งานประชาสัมพันธ์","SL-X4300LX","36,154","36,193","39 แผ่น","1 แผ่น","38 แผ่น","0.59","22.42","22.42","0.00","ปกติ"
"2568-03","2568","07RRBJMK100009N","สี (เครื่องสี)","อาคารเรียนและปฏิบัติการรวม ชั้น 1","งานกิจการนักศึกษา งานวิเทศสัมพันธ์ งานประชาสัมพันธ์","SL-X4300LX","15,281","15,891","610 แผ่น","18 แผ่น","592 แผ่น","2.90","1,716.80","1,716.80","0.00","ปกติ"
"2568-03","2568","0A3HB1DH600055M","ขาว-ดำ (เครื่องขาว-ดำ)","อาคารเรียนและปฏิบัติการรวม ชั้น 1","งานกิจการนักศึกษา งานวิเทศสัมพันธ์ งานประชาสัมพันธ์","SL-K7500LX","376,322","376,976","654 แผ่น","20 แผ่น","634 แผ่น","0.33","209.22","209.22","0.00","ปกติ"
"2568-02","2568","07RRBJMK100009N","ขาว-ดำ (เครื่องสี)","อาคารเรียนและปฏิบัติการรวม ชั้น 1","งานกิจการนักศึกษา งานวิเทศสัมพันธ์ งานประชาสัมพันธ์","SL-X4300LX","36,148","36,154","6 แผ่น","0 แผ่น","6 แผ่น","0.59","3.54","3.54","0.00","ปกติ"
"2568-02","2568","07RRBJMK100009N","สี (เครื่องสี)","อาคารเรียนและปฏิบัติการรวม ชั้น 1","งานกิจการนักศึกษา งานวิเทศสัมพันธ์ งานประชาสัมพันธ์","SL-X4300LX","15,003","15,281","278 แผ่น","8 แผ่น","270 แผ่น","2.90","783.00","783.00","0.00","ปกติ"
"2568-02","2568","0A3HB1DH600055M","ขาว-ดำ (เครื่องขาว-ดำ)","อาคารเรียนและปฏิบัติการรวม ชั้น 1","งานกิจการนักศึกษา งานวิเทศสัมพันธ์ งานประชาสัมพันธ์","SL-K7500LX","375,661","376,322","661 แผ่น","20 แผ่น","641 แผ่น","0.33","211.53","211.53","0.00","ปกติ"
"2568-01","2568","07RRBJMK100009N","ขาว-ดำ (เครื่องสี)","อาคารเรียนและปฏิบัติการรวม ชั้น 1","งานกิจการนักศึกษา งานวิเทศสัมพันธ์ งานประชาสัมพันธ์","SL-X4300LX","36,092","36,148","56 แผ่น","2 แผ่น","54 แผ่น","0.59","31.86","31.86","0.00","ปกติ"
"2568-01","2568","07RRBJMK100009N","สี (เครื่องสี)","อาคารเรียนและปฏิบัติการรวม ชั้น 1","งานกิจการนักศึกษา งานวิเทศสัมพันธ์ งานประชาสัมพันธ์","SL-X4300LX","14,870","15,003","133 แผ่น","4 แผ่น","129 แผ่น","2.90","374.10","374.10","0.00","ปกติ"
"2568-01","2568","0A3HB1DH600055M","ขาว-ดำ (เครื่องขาว-ดำ)","อาคารเรียนและปฏิบัติการรวม ชั้น 1","งานกิจการนักศึกษา งานวิเทศสัมพันธ์ งานประชาสัมพันธ์","SL-K7500LX","374,801","375,661","860 แผ่น","26 แผ่น","834 แผ่น","0.33","275.22","275.22","0.00","ปกติ"
"2567-12","2568","07RRBJMK100009N","ขาว-ดำ (เครื่องสี)","อาคารเรียนและปฏิบัติการรวม ชั้น 1","งานกิจการนักศึกษา งานวิเทศสัมพันธ์ งานประชาสัมพันธ์","SL-X4300LX","36,085","36,092","7 แผ่น","0 แผ่น","7 แผ่น","0.59","4.13","4.13","0.00","ปกติ"
"2567-12","2568","07RRBJMK100009N","สี (เครื่องสี)","อาคารเรียนและปฏิบัติการรวม ชั้น 1","งานกิจการนักศึกษา งานวิเทศสัมพันธ์ งานประชาสัมพันธ์","SL-X4300LX","14,760","14,870","110 แผ่น","3 แผ่น","107 แผ่น","2.90","310.30","310.30","0.00","ปกติ"
"2567-12","2568","0A3HB1DH600055M","ขาว-ดำ (เครื่องขาว-ดำ)","อาคารเรียนและปฏิบัติการรวม ชั้น 1","งานกิจการนักศึกษา งานวิเทศสัมพันธ์ งานประชาสัมพันธ์","SL-K7500LX","374,364","374,801","437 แผ่น","13 แผ่น","424 แผ่น","0.33","139.92","139.92","0.00","ปกติ"
"2567-11","2568","07RRBJMK100009N","ขาว-ดำ (เครื่องสี)","อาคารเรียนและปฏิบัติการรวม ชั้น 1","งานกิจการนักศึกษา งานวิเทศสัมพันธ์ งานประชาสัมพันธ์","SL-X4300LX","36,024","36,085","61 แผ่น","2 แผ่น","59 แผ่น","0.59","34.81","34.81","0.00","ปกติ"
"2567-11","2568","07RRBJMK100009N","สี (เครื่องสี)","อาคารเรียนและปฏิบัติการรวม ชั้น 1","งานกิจการนักศึกษา งานวิเทศสัมพันธ์ งานประชาสัมพันธ์","SL-X4300LX","14,556","14,760","204 แผ่น","6 แผ่น","198 แผ่น","2.90","574.20","574.20","0.00","ปกติ"
"2567-11","2568","0A3HB1DH600055M","ขาว-ดำ (เครื่องขาว-ดำ)","อาคารเรียนและปฏิบัติการรวม ชั้น 1","งานกิจการนักศึกษา งานวิเทศสัมพันธ์ งานประชาสัมพันธ์","SL-K7500LX","373,790","374,364","574 แผ่น","17 แผ่น","557 แผ่น","0.33","183.81","183.81","0.00","ปกติ"
"2567-10","2568","95015963","ขาว-ดำ (เครื่องขาว-ดำ)","อาคารเรียนและปฏิบัติการรวม ชั้น 1","งานกิจการนักศึกษา งานวิเทศสัมพันธ์ งานประชาสัมพันธ์","MX-M464N","127,743","128,733","990 แผ่น","30 แผ่น","960 แผ่น","0.33","316.80","316.80","0.00","ปกติ"
"2567-10","2568","D70001ME","ขาว-ดำ (เครื่องสี)","อาคารเรียนและปฏิบัติการรวม ชั้น 1","งานกิจการนักศึกษา งานวิเทศสัมพันธ์ งานประชาสัมพันธ์","CLX-9301NA","204,010","204,047","37 แผ่น","1 แผ่น","36 แผ่น","0.59","21.24","21.24","0.00","ปกติ"
"2567-10","2568","D70001ME","สี (เครื่องสี)","อาคารเรียนและปฏิบัติการรวม ชั้น 1","งานกิจการนักศึกษา งานวิเทศสัมพันธ์ งานประชาสัมพันธ์","CLX-9301NA","61,495","61,886","391 แผ่น","12 แผ่น","379 แผ่น","2.90","1,099.10","1,099.10","0.00","ปกติ"
"2569-07","2569","07RRBJMK100009N","ขาว-ดำ (เครื่องสี)","อาคารเรียนและปฏิบัติการรวม ชั้น 1","งานกิจการนักศึกษา งานวิเทศสัมพันธ์ งานประชาสัมพันธ์","SL-X4300LX","36,733","36,759","26 แผ่น","1 แผ่น","25 แผ่น","0.59","14.75","14.75","0.00","ปกติ"
"2569-07","2569","07RRBJMK100009N","สี (เครื่องสี)","อาคารเรียนและปฏิบัติการรวม ชั้น 1","งานกิจการนักศึกษา งานวิเทศสัมพันธ์ งานประชาสัมพันธ์","SL-X4300LX","19,853","20,226","373 แผ่น","11 แผ่น","362 แผ่น","2.90","1,049.80","1,049.80","0.00","ปกติ"
"2569-07","2569","0A3HB1DH600055M","ขาว-ดำ (เครื่องขาว-ดำ)","อาคารเรียนและปฏิบัติการรวม ชั้น 1","งานกิจการนักศึกษา งานวิเทศสัมพันธ์ งานประชาสัมพันธ์","SL-K7500LX","391,188","392,446","1,258 แผ่น","38 แผ่น","1,220 แผ่น","0.33","402.60","402.60","0.00","ปกติ"
"2569-06","2569","07RRBJMK100009N","ขาว-ดำ (เครื่องสี)","อาคารเรียนและปฏิบัติการรวม ชั้น 1","งานกิจการนักศึกษา งานวิเทศสัมพันธ์ งานประชาสัมพันธ์","SL-X4300LX","36,729","36,733","4 แผ่น","0 แผ่น","4 แผ่น","0.59","2.36","2.36","0.00","ปกติ"
"2569-06","2569","07RRBJMK100009N","สี (เครื่องสี)","อาคารเรียนและปฏิบัติการรวม ชั้น 1","งานกิจการนักศึกษา งานวิเทศสัมพันธ์ งานประชาสัมพันธ์","SL-X4300LX","19,313","19,853","540 แผ่น","16 แผ่น","524 แผ่น","2.90","1,519.60","1,519.60","0.00","ปกติ"
"2569-06","2569","0A3HB1DH600055M","ขาว-ดำ (เครื่องขาว-ดำ)","อาคารเรียนและปฏิบัติการรวม ชั้น 1","งานกิจการนักศึกษา งานวิเทศสัมพันธ์ งานประชาสัมพันธ์","SL-K7500LX","390,517","391,188","671 แผ่น","20 แผ่น","651 แผ่น","0.33","214.83","214.83","0.00","ปกติ"
"2569-05","2569","07RRBJMK100009N","ขาว-ดำ (เครื่องสี)","อาคารเรียนและปฏิบัติการรวม ชั้น 1","งานกิจการนักศึกษา งานวิเทศสัมพันธ์ งานประชาสัมพันธ์","SL-X4300LX","36,724","36,729","5 แผ่น","0 แผ่น","5 แผ่น","0.59","2.95","2.95","0.00","ปกติ"
"2569-05","2569","07RRBJMK100009N","สี (เครื่องสี)","อาคารเรียนและปฏิบัติการรวม ชั้น 1","งานกิจการนักศึกษา งานวิเทศสัมพันธ์ งานประชาสัมพันธ์","SL-X4300LX","19,294","19,313","19 แผ่น","1 แผ่น","18 แผ่น","2.90","52.20","52.20","0.00","ปกติ"
"2569-05","2569","0A3HB1DH600055M","ขาว-ดำ (เครื่องขาว-ดำ)","อาคารเรียนและปฏิบัติการรวม ชั้น 1","งานกิจการนักศึกษา งานวิเทศสัมพันธ์ งานประชาสัมพันธ์","SL-K7500LX","390,213","390,517","304 แผ่น","9 แผ่น","295 แผ่น","0.33","97.35","97.35","0.00","ปกติ"
"2569-04","2569","07RRBJMK100009N","ขาว-ดำ (เครื่องสี)","อาคารเรียนและปฏิบัติการรวม ชั้น 1","งานกิจการนักศึกษา งานวิเทศสัมพันธ์ งานประชาสัมพันธ์","SL-X4300LX","36,697","36,724","27 แผ่น","1 แผ่น","26 แผ่น","0.59","15.34","15.34","0.00","ปกติ"
"2569-04","2569","07RRBJMK100009N","สี (เครื่องสี)","อาคารเรียนและปฏิบัติการรวม ชั้น 1","งานกิจการนักศึกษา งานวิเทศสัมพันธ์ งานประชาสัมพันธ์","SL-X4300LX","19,194","19,294","100 แผ่น","3 แผ่น","97 แผ่น","2.90","281.30","281.30","0.00","ปกติ"
"2569-04","2569","0A3HB1DH600055M","ขาว-ดำ (เครื่องขาว-ดำ)","อาคารเรียนและปฏิบัติการรวม ชั้น 1","งานกิจการนักศึกษา งานวิเทศสัมพันธ์ งานประชาสัมพันธ์","SL-K7500LX","389,701","390,213","512 แผ่น","15 แผ่น","497 แผ่น","0.33","164.01","164.01","0.00","ปกติ"
"2569-03","2569","07RRBJMK100009N","ขาว-ดำ (เครื่องสี)","อาคารเรียนและปฏิบัติการรวม ชั้น 1","งานกิจการนักศึกษา งานวิเทศสัมพันธ์ งานประชาสัมพันธ์","SL-X4300LX","36,688","36,697","9 แผ่น","0 แผ่น","9 แผ่น","0.59","5.31","5.31","0.00","ปกติ"
"2569-03","2569","07RRBJMK100009N","สี (เครื่องสี)","อาคารเรียนและปฏิบัติการรวม ชั้น 1","งานกิจการนักศึกษา งานวิเทศสัมพันธ์ งานประชาสัมพันธ์","SL-X4300LX","19,007","19,194","187 แผ่น","6 แผ่น","181 แผ่น","2.90","524.90","524.90","0.00","ปกติ"
"2569-03","2569","0A3HB1DH600055M","ขาว-ดำ (เครื่องขาว-ดำ)","อาคารเรียนและปฏิบัติการรวม ชั้น 1","งานกิจการนักศึกษา งานวิเทศสัมพันธ์ งานประชาสัมพันธ์","SL-K7500LX","389,203","389,701","498 แผ่น","15 แผ่น","483 แผ่น","0.33","159.39","159.39","0.00","ปกติ"
"2569-02","2569","07RRBJMK100009N","ขาว-ดำ (เครื่องสี)","อาคารเรียนและปฏิบัติการรวม ชั้น 1","งานกิจการนักศึกษา งานวิเทศสัมพันธ์ งานประชาสัมพันธ์","SL-X4300LX","36,625","36,688","63 แผ่น","2 แผ่น","61 แผ่น","0.59","35.99","35.99","0.00","ปกติ"
"2569-02","2569","07RRBJMK100009N","สี (เครื่องสี)","อาคารเรียนและปฏิบัติการรวม ชั้น 1","งานกิจการนักศึกษา งานวิเทศสัมพันธ์ งานประชาสัมพันธ์","SL-X4300LX","18,865","19,007","142 แผ่น","4 แผ่น","138 แผ่น","2.90","400.20","400.20","0.00","ปกติ"
"2569-02","2569","0A3HB1DH600055M","ขาว-ดำ (เครื่องขาว-ดำ)","อาคารเรียนและปฏิบัติการรวม ชั้น 1","งานกิจการนักศึกษา งานวิเทศสัมพันธ์ งานประชาสัมพันธ์","SL-K7500LX","388,353","389,203","850 แผ่น","26 แผ่น","825 แผ่น","0.33","272.25","272.25","0.00","ปกติ"
"2569-01","2569","07RRBJMK100009N","ขาว-ดำ (เครื่องสี)","อาคารเรียนและปฏิบัติการรวม ชั้น 1","งานกิจการนักศึกษา งานวิเทศสัมพันธ์ งานประชาสัมพันธ์","SL-X4300LX","36,605","36,625","20 แผ่น","1 แผ่น","19 แผ่น","0.59","11.21","11.21","0.00","ปกติ"
"2569-01","2569","07RRBJMK100009N","สี (เครื่องสี)","อาคารเรียนและปฏิบัติการรวม ชั้น 1","งานกิจการนักศึกษา งานวิเทศสัมพันธ์ งานประชาสัมพันธ์","SL-X4300LX","18,661","18,865","204 แผ่น","6 แผ่น","198 แผ่น","2.90","574.20","574.20","0.00","ปกติ"
"2569-01","2569","0A3HB1DH600055M","ขาว-ดำ (เครื่องขาว-ดำ)","อาคารเรียนและปฏิบัติการรวม ชั้น 1","งานกิจการนักศึกษา งานวิเทศสัมพันธ์ งานประชาสัมพันธ์","SL-K7500LX","386,831","388,353","1,522 แผ่น","46 แผ่น","1,476 แผ่น","0.33","487.08","487.08","0.00","ปกติ"
"2568-12","2569","07RRBJMK100009N","ขาว-ดำ (เครื่องสี)","อาคารเรียนและปฏิบัติการรวม ชั้น 1","งานกิจการนักศึกษา งานวิเทศสัมพันธ์ งานประชาสัมพันธ์","SL-X4300LX","36,596","36,605","9 แผ่น","0 แผ่น","9 แผ่น","0.59","5.31","5.31","0.00","ปกติ"
"2568-12","2569","07RRBJMK100009N","สี (เครื่องสี)","อาคารเรียนและปฏิบัติการรวม ชั้น 1","งานกิจการนักศึกษา งานวิเทศสัมพันธ์ งานประชาสัมพันธ์","SL-X4300LX","18,455","18,661","206 แผ่น","6 แผ่น","200 แผ่น","2.90","580.00","580.00","0.00","ปกติ"
"2568-12","2569","0A3HB1DH600055M","ขาว-ดำ (เครื่องขาว-ดำ)","อาคารเรียนและปฏิบัติการรวม ชั้น 1","งานกิจการนักศึกษา งานวิเทศสัมพันธ์ งานประชาสัมพันธ์","SL-K7500LX","386,359","386,831","472 แผ่น","14 แผ่น","458 แผ่น","0.33","151.14","151.14","0.00","ปกติ"
"2568-11","2569","07RRBJMK100009N","ขาว-ดำ (เครื่องสี)","อาคารเรียนและปฏิบัติการรวม ชั้น 1","งานกิจการนักศึกษา งานวิเทศสัมพันธ์ งานประชาสัมพันธ์","SL-X4300LX","36,552","36,596","44 แผ่น","1 แผ่น","43 แผ่น","0.59","25.37","25.37","0.00","ปกติ"
"2568-11","2569","07RRBJMK100009N","สี (เครื่องสี)","อาคารเรียนและปฏิบัติการรวม ชั้น 1","งานกิจการนักศึกษา งานวิเทศสัมพันธ์ งานประชาสัมพันธ์","SL-X4300LX","18,191","18,455","264 แผ่น","8 แผ่น","256 แผ่น","2.90","742.40","742.40","0.00","ปกติ"
"2568-11","2569","0A3HB1DH600055M","ขาว-ดำ (เครื่องขาว-ดำ)","อาคารเรียนและปฏิบัติการรวม ชั้น 1","งานกิจการนักศึกษา งานวิเทศสัมพันธ์ งานประชาสัมพันธ์","SL-K7500LX","385,592","386,359","767 แผ่น","23 แผ่น","744 แผ่น","0.33","245.52","245.52","0.00","ปกติ"
"2568-10","2569","07RRBJMK100009N","ขาว-ดำ (เครื่องสี)","อาคารเรียนและปฏิบัติการรวม ชั้น 1","งานกิจการนักศึกษา งานวิเทศสัมพันธ์ งานประชาสัมพันธ์","SL-X4300LX","36,524","36,552","28 แผ่น","1 แผ่น","27 แผ่น","0.59","15.93","15.93","0.00","ปกติ"
"2568-10","2569","07RRBJMK100009N","สี (เครื่องสี)","อาคารเรียนและปฏิบัติการรวม ชั้น 1","งานกิจการนักศึกษา งานวิเทศสัมพันธ์ งานประชาสัมพันธ์","SL-X4300LX","17,891","18,191","300 แผ่น","9 แผ่น","291 แผ่น","2.90","843.90","843.90","0.00","ปกติ"
"2568-10","2569","0A3HB1DH600055M","ขาว-ดำ (เครื่องขาว-ดำ)","อาคารเรียนและปฏิบัติการรวม ชั้น 1","งานกิจการนักศึกษา งานวิเทศสัมพันธ์ งานประชาสัมพันธ์","SL-K7500LX","384,336","385,592","1,256 แผ่น","38 แผ่น","1,218 แผ่น","0.33","401.94","401.94","0.00","ปกติ"
"2568-09","2568","07RUBJKK00005E","ขาว-ดำ (เครื่องสี)","อาคารเรียนและปฏิบัติการรวม ชั้น 10","งานบริการการศึกษา","SL-X4300LX","325,941","326,071","130 แผ่น","4 แผ่น","126 แผ่น","0.59","74.34","74.34","0.00","ปกติ"
"2568-09","2568","07RUBJKK00005E","สี (เครื่องสี)","อาคารเรียนและปฏิบัติการรวม ชั้น 10","งานบริการการศึกษา","SL-X4300LX","111,073","111,108","35 แผ่น","1 แผ่น","34 แผ่น","2.90","98.60","98.60","0.00","ปกติ"
"2568-09","2568","07RUBJKK0000SA","ขาว-ดำ (เครื่องสี)","อาคารเรียนและปฏิบัติการรวม ชั้น 10","งานบริการการศึกษา","SL-X4300LX","246,089","246,342","253 แผ่น","8 แผ่น","245 แผ่น","0.59","144.55","144.55","0.00","ปกติ"
"2568-09","2568","07RUBJKK0000SA","สี (เครื่องสี)","อาคารเรียนและปฏิบัติการรวม ชั้น 10","งานบริการการศึกษา","SL-X4300LX","233,483","233,660","177 แผ่น","5 แผ่น","172 แผ่น","2.90","498.80","498.80","0.00","ปกติ"
"2568-08","2568","07RUBJKK00005E","ขาว-ดำ (เครื่องสี)","อาคารเรียนและปฏิบัติการรวม ชั้น 10","งานบริการการศึกษา","SL-X4300LX","325,633","325,941","308 แผ่น","9 แผ่น","299 แผ่น","0.59","176.41","176.41","0.00","ปกติ"
"2568-08","2568","07RUBJKK00005E","สี (เครื่องสี)","อาคารเรียนและปฏิบัติการรวม ชั้น 10","งานบริการการศึกษา","SL-X4300LX","111,070","111,073","3 แผ่น","0 แผ่น","3 แผ่น","2.90","8.70","8.70","0.00","ปกติ"
"2568-08","2568","07RUBJKK0000SA","ขาว-ดำ (เครื่องสี)","อาคารเรียนและปฏิบัติการรวม ชั้น 10","งานบริการการศึกษา","SL-X4300LX","245,856","246,089","233 แผ่น","7 แผ่น","226 แผ่น","0.59","133.34","133.34","0.00","ปกติ"
"2568-08","2568","07RUBJKK0000SA","สี (เครื่องสี)","อาคารเรียนและปฏิบัติการรวม ชั้น 10","งานบริการการศึกษา","SL-X4300LX","233,480","233,483","3 แผ่น","0 แผ่น","3 แผ่น","2.90","8.70","8.70","0.00","ปกติ"
"2568-07","2568","07RUBJKK00005E","ขาว-ดำ (เครื่องสี)","อาคารเรียนและปฏิบัติการรวม ชั้น 10","งานบริการการศึกษา","SL-X4300LX","325,628","325,633","5 แผ่น","0 แผ่น","5 แผ่น","0.59","2.95","2.95","0.00","ปกติ"
"2568-07","2568","07RUBJKK00005E","สี (เครื่องสี)","อาคารเรียนและปฏิบัติการรวม ชั้น 10","งานบริการการศึกษา","SL-X4300LX","111,070","111,070","0 แผ่น","0 แผ่น","0 แผ่น","2.90","0.00","0.00","0.00","ไม่มีการใช้"
"2568-07","2568","07RUBJKK0000SA","ขาว-ดำ (เครื่องสี)","อาคารเรียนและปฏิบัติการรวม ชั้น 10","งานบริการการศึกษา","SL-X4300LX","245,853","245,856","3 แผ่น","0 แผ่น","3 แผ่น","0.59","1.77","1.77","0.00","ปกติ"
"2568-07","2568","07RUBJKK0000SA","สี (เครื่องสี)","อาคารเรียนและปฏิบัติการรวม ชั้น 10","งานบริการการศึกษา","SL-X4300LX","233,480","233,480","0 แผ่น","0 แผ่น","0 แผ่น","2.90","0.00","0.00","0.00","ไม่มีการใช้"
"2568-06","2568","07RUBJKK00005E","ขาว-ดำ (เครื่องสี)","อาคารเรียนและปฏิบัติการรวม ชั้น 10","งานบริการการศึกษา","SL-X4300LX","325,619","325,628","9 แผ่น","0 แผ่น","9 แผ่น","0.59","5.31","5.31","0.00","ปกติ"
"2568-06","2568","07RUBJKK00005E","สี (เครื่องสี)","อาคารเรียนและปฏิบัติการรวม ชั้น 10","งานบริการการศึกษา","SL-X4300LX","111,065","111,070","5 แผ่น","0 แผ่น","5 แผ่น","2.90","14.50","14.50","0.00","ปกติ"
"2568-06","2568","07RUBJKK0000SA","ขาว-ดำ (เครื่องสี)","อาคารเรียนและปฏิบัติการรวม ชั้น 10","งานบริการการศึกษา","SL-X4300LX","245,845","245,853","8 แผ่น","0 แผ่น","8 แผ่น","0.59","4.72","4.72","0.00","ปกติ"
"2568-06","2568","07RUBJKK0000SA","สี (เครื่องสี)","อาคารเรียนและปฏิบัติการรวม ชั้น 10","งานบริการการศึกษา","SL-X4300LX","233,479","233,480","1 แผ่น","0 แผ่น","1 แผ่น","2.90","2.90","2.90","0.00","ปกติ"
"2568-05","2568","07RUBJKK00005E","ขาว-ดำ (เครื่องสี)","อาคารเรียนและปฏิบัติการรวม ชั้น 10","งานบริการการศึกษา","SL-X4300LX","324,495","325,619","1,124 แผ่น","34 แผ่น","1,090 แผ่น","0.59","643.10","643.10","0.00","ปกติ"
"2568-05","2568","07RUBJKK00005E","สี (เครื่องสี)","อาคารเรียนและปฏิบัติการรวม ชั้น 10","งานบริการการศึกษา","SL-X4300LX","110,604","111,065","461 แผ่น","14 แผ่น","447 แผ่น","2.90","1,296.30","1,296.30","0.00","ปกติ"
"2568-05","2568","07RUBJKK0000SA","ขาว-ดำ (เครื่องสี)","อาคารเรียนและปฏิบัติการรวม ชั้น 10","งานบริการการศึกษา","SL-X4300LX","244,022","245,845","1,823 แผ่น","55 แผ่น","1,768 แผ่น","0.59","1,043.12","1,043.12","0.00","ปกติ"
"2568-05","2568","07RUBJKK0000SA","สี (เครื่องสี)","อาคารเรียนและปฏิบัติการรวม ชั้น 10","งานบริการการศึกษา","SL-X4300LX","231,783","233,479","1,696 แผ่น","51 แผ่น","1,645 แผ่น","2.90","4,770.50","4,770.50","0.00","ปกติ"
"2568-04","2568","07RUBJKK00005E","ขาว-ดำ (เครื่องสี)","อาคารเรียนและปฏิบัติการรวม ชั้น 10","งานบริการการศึกษา","SL-X4300LX","324,135","324,495","360 แผ่น","11 แผ่น","349 แผ่น","0.59","205.91","205.91","0.00","ปกติ"
"2568-04","2568","07RUBJKK00005E","สี (เครื่องสี)","อาคารเรียนและปฏิบัติการรวม ชั้น 10","งานบริการการศึกษา","SL-X4300LX","110,569","110,604","35 แผ่น","1 แผ่น","34 แผ่น","2.90","98.60","98.60","0.00","ปกติ"
"2568-04","2568","07RUBJKK0000SA","ขาว-ดำ (เครื่องสี)","อาคารเรียนและปฏิบัติการรวม ชั้น 10","งานบริการการศึกษา","SL-X4300LX","243,951","244,022","71 แผ่น","2 แผ่น","69 แผ่น","0.59","40.71","40.71","0.00","ปกติ"
"2568-04","2568","07RUBJKK0000SA","สี (เครื่องสี)","อาคารเรียนและปฏิบัติการรวม ชั้น 10","งานบริการการศึกษา","SL-X4300LX","231,782","231,783","1 แผ่น","0 แผ่น","1 แผ่น","2.90","2.90","2.90","0.00","ปกติ"
"2568-03","2568","07RUBJKK00005E","ขาว-ดำ (เครื่องสี)","อาคารเรียนและปฏิบัติการรวม ชั้น 10","งานบริการการศึกษา","SL-X4300LX","323,654","324,135","481 แผ่น","14 แผ่น","467 แผ่น","0.59","275.53","275.53","0.00","ปกติ"
"2568-03","2568","07RUBJKK00005E","สี (เครื่องสี)","อาคารเรียนและปฏิบัติการรวม ชั้น 10","งานบริการการศึกษา","SL-X4300LX","110,065","110,569","504 แผ่น","15 แผ่น","489 แผ่น","2.90","1,418.10","1,418.10","0.00","ปกติ"
"2568-03","2568","07RUBJKK0000SA","ขาว-ดำ (เครื่องสี)","อาคารเรียนและปฏิบัติการรวม ชั้น 10","งานบริการการศึกษา","SL-X4300LX","243,238","243,951","713 แผ่น","21 แผ่น","692 แผ่น","0.59","408.28","408.28","0.00","ปกติ"
"2568-03","2568","07RUBJKK0000SA","สี (เครื่องสี)","อาคารเรียนและปฏิบัติการรวม ชั้น 10","งานบริการการศึกษา","SL-X4300LX","231,065","231,782","717 แผ่น","22 แผ่น","695 แผ่น","2.90","2,015.50","2,015.50","0.00","ปกติ"
"2568-02","2568","07RUBJKK00005E","ขาว-ดำ (เครื่องสี)","อาคารเรียนและปฏิบัติการรวม ชั้น 10","งานบริการการศึกษา","SL-X4300LX","323,651","323,654","3 แผ่น","0 แผ่น","3 แผ่น","0.59","1.77","1.77","0.00","ปกติ"
"2568-02","2568","07RUBJKK00005E","สี (เครื่องสี)","อาคารเรียนและปฏิบัติการรวม ชั้น 10","งานบริการการศึกษา","SL-X4300LX","110,061","110,065","4 แผ่น","0 แผ่น","4 แผ่น","2.90","11.60","11.60","0.00","ปกติ"
"2568-02","2568","07RUBJKK0000SA","ขาว-ดำ (เครื่องสี)","อาคารเรียนและปฏิบัติการรวม ชั้น 10","งานบริการการศึกษา","SL-X4300LX","243,173","243,238","65 แผ่น","2 แผ่น","63 แผ่น","0.59","37.17","37.17","0.00","ปกติ"
"2568-02","2568","07RUBJKK0000SA","สี (เครื่องสี)","อาคารเรียนและปฏิบัติการรวม ชั้น 10","งานบริการการศึกษา","SL-X4300LX","231,065","231,065","0 แผ่น","0 แผ่น","0 แผ่น","2.90","0.00","0.00","0.00","ไม่มีการใช้"
"2568-01","2568","07RUBJKK00005E","ขาว-ดำ (เครื่องสี)","อาคารเรียนและปฏิบัติการรวม ชั้น 10","งานบริการการศึกษา","SL-X4300LX","323,614","323,651","37 แผ่น","1 แผ่น","36 แผ่น","0.59","21.24","21.24","0.00","ปกติ"
"2568-01","2568","07RUBJKK00005E","สี (เครื่องสี)","อาคารเรียนและปฏิบัติการรวม ชั้น 10","งานบริการการศึกษา","SL-X4300LX","110,060","110,061","1 แผ่น","0 แผ่น","1 แผ่น","2.90","2.90","2.90","0.00","ปกติ"
"2568-01","2568","07RUBJKK0000SA","ขาว-ดำ (เครื่องสี)","อาคารเรียนและปฏิบัติการรวม ชั้น 10","งานบริการการศึกษา","SL-X4300LX","243,106","243,173","67 แผ่น","2 แผ่น","65 แผ่น","0.59","38.35","38.35","0.00","ปกติ"
"2568-01","2568","07RUBJKK0000SA","สี (เครื่องสี)","อาคารเรียนและปฏิบัติการรวม ชั้น 10","งานบริการการศึกษา","SL-X4300LX","230,992","231,065","73 แผ่น","2 แผ่น","71 แผ่น","2.90","205.90","205.90","0.00","ปกติ"
"2567-12","2568","07RUBJKK00005E","ขาว-ดำ (เครื่องสี)","อาคารเรียนและปฏิบัติการรวม ชั้น 10","งานบริการการศึกษา","SL-X4300LX","323,377","323,614","237 แผ่น","7 แผ่น","230 แผ่น","0.59","135.70","135.70","0.00","ปกติ"
"2567-12","2568","07RUBJKK00005E","สี (เครื่องสี)","อาคารเรียนและปฏิบัติการรวม ชั้น 10","งานบริการการศึกษา","SL-X4300LX","109,868","110,060","192 แผ่น","6 แผ่น","186 แผ่น","2.90","539.40","539.40","0.00","ปกติ"
"2567-12","2568","07RUBJKK0000SA","ขาว-ดำ (เครื่องสี)","อาคารเรียนและปฏิบัติการรวม ชั้น 10","งานบริการการศึกษา","SL-X4300LX","242,909","243,106","197 แผ่น","6 แผ่น","191 แผ่น","0.59","112.69","112.69","0.00","ปกติ"
"2567-12","2568","07RUBJKK0000SA","สี (เครื่องสี)","อาคารเรียนและปฏิบัติการรวม ชั้น 10","งานบริการการศึกษา","SL-X4300LX","230,760","230,992","232 แผ่น","7 แผ่น","225 แผ่น","2.90","652.50","652.50","0.00","ปกติ"
"2567-11","2568","07RUBJKK00005E","ขาว-ดำ (เครื่องสี)","อาคารเรียนและปฏิบัติการรวม ชั้น 10","งานบริการการศึกษา","SL-X4300LX","321,104","323,377","2,273 แผ่น","68 แผ่น","2,205 แผ่น","0.59","1,300.95","1,300.95","0.00","ปกติ"
"2567-11","2568","07RUBJKK00005E","สี (เครื่องสี)","อาคารเรียนและปฏิบัติการรวม ชั้น 10","งานบริการการศึกษา","SL-X4300LX","109,009","109,868","859 แผ่น","26 แผ่น","833 แผ่น","2.90","2,415.70","2,415.70","0.00","ปกติ"
"2567-11","2568","07RUBJKK0000SA","ขาว-ดำ (เครื่องสี)","อาคารเรียนและปฏิบัติการรวม ชั้น 10","งานบริการการศึกษา","SL-X4300LX","240,913","242,909","1,996 แผ่น","60 แผ่น","1,936 แผ่น","0.59","1,142.24","1,142.24","0.00","ปกติ"
"2567-11","2568","07RUBJKK0000SA","สี (เครื่องสี)","อาคารเรียนและปฏิบัติการรวม ชั้น 10","งานบริการการศึกษา","SL-X4300LX","229,987","230,760","773 แผ่น","23 แผ่น","750 แผ่น","2.90","2,175.00","2,175.00","0.00","ปกติ"
"2567-10","2568","85000538","ขาว-ดำ (เครื่องขาว-ดำ)","อาคารเรียนและปฏิบัติการรวม ชั้น 10","งานบริการการศึกษา","MX-M464N","420,421","432,935","12,514 แผ่น","375 แผ่น","12,139 แผ่น","0.33","4,005.87","4,005.87","0.00","ปกติ"
"2567-10","2568","D70001KX","ขาว-ดำ (เครื่องสี)","อาคารเรียนและปฏิบัติการรวม ชั้น 10","งานบริการการศึกษา","CLX-9301NA","533,770","534,398","628 แผ่น","19 แผ่น","609 แผ่น","0.59","359.31","359.31","0.00","ปกติ"
"2567-10","2568","D70001KX","สี (เครื่องสี)","อาคารเรียนและปฏิบัติการรวม ชั้น 10","งานบริการการศึกษา","CLX-9301NA","472,060","65,263","186 แผ่น","6 แผ่น","180 แผ่น","2.90","522.00","522.00","0.00","⚠ มิเตอร์ย้อนกลับ"
"2567-10","2568","G80000SE","ขาว-ดำ (เครื่องสี)","อาคารเรียนและปฏิบัติการรวม ชั้น 10","งานบริการการศึกษา","CLX-9301NA","188,269","188,400","131 แผ่น","4 แผ่น","127 แผ่น","0.59","74.93","74.93","0.00","ปกติ"
"2567-10","2568","G80000SE","สี (เครื่องสี)","อาคารเรียนและปฏิบัติการรวม ชั้น 10","งานบริการการศึกษา","CLX-9301NA","172,392","172,730","338 แผ่น","10 แผ่น","328 แผ่น","2.90","951.20","951.20","0.00","ปกติ"
"2569-07","2569","07RUBJKK00005E","ขาว-ดำ (เครื่องสี)","อาคารเรียนและปฏิบัติการรวม ชั้น 10","งานบริการการศึกษา","SL-X4300LX","327,052","327,055","3 แผ่น","0 แผ่น","3 แผ่น","0.59","1.77","1.77","0.00","ปกติ"
"2569-07","2569","07RUBJKK00005E","สี (เครื่องสี)","อาคารเรียนและปฏิบัติการรวม ชั้น 10","งานบริการการศึกษา","SL-X4300LX","111,339","111,531","192 แผ่น","6 แผ่น","186 แผ่น","2.90","539.40","539.40","0.00","ปกติ"
"2569-07","2569","07RUBJKK0000SA","ขาว-ดำ (เครื่องสี)","อาคารเรียนและปฏิบัติการรวม ชั้น 10","งานบริการการศึกษา","SL-X4300LX","255,530","255,560","30 แผ่น","1 แผ่น","29 แผ่น","0.59","17.11","17.11","0.00","ปกติ"
"2569-07","2569","07RUBJKK0000SA","สี (เครื่องสี)","อาคารเรียนและปฏิบัติการรวม ชั้น 10","งานบริการการศึกษา","SL-X4300LX","238,577","238,930","353 แผ่น","11 แผ่น","342 แผ่น","2.90","991.80","991.80","0.00","ปกติ"
"2569-06","2569","07RUBJKK00005E","ขาว-ดำ (เครื่องสี)","อาคารเรียนและปฏิบัติการรวม ชั้น 10","งานบริการการศึกษา","SL-X4300LX","326,984","327,052","68 แผ่น","2 แผ่น","66 แผ่น","0.59","38.94","38.94","0.00","ปกติ"
"2569-06","2569","07RUBJKK00005E","สี (เครื่องสี)","อาคารเรียนและปฏิบัติการรวม ชั้น 10","งานบริการการศึกษา","SL-X4300LX","111,339","111,339","0 แผ่น","0 แผ่น","0 แผ่น","2.90","0.00","0.00","0.00","ไม่มีการใช้"
"2569-06","2569","07RUBJKK0000SA","ขาว-ดำ (เครื่องสี)","อาคารเรียนและปฏิบัติการรวม ชั้น 10","งานบริการการศึกษา","SL-X4300LX","255,243","255,530","287 แผ่น","9 แผ่น","278 แผ่น","0.59","164.02","164.02","0.00","ปกติ"
"2569-06","2569","07RUBJKK0000SA","สี (เครื่องสี)","อาคารเรียนและปฏิบัติการรวม ชั้น 10","งานบริการการศึกษา","SL-X4300LX","238,577","238,577","0 แผ่น","0 แผ่น","0 แผ่น","2.90","0.00","0.00","0.00","ไม่มีการใช้"
"2569-05","2569","07RUBJKK00005E","ขาว-ดำ (เครื่องสี)","อาคารเรียนและปฏิบัติการรวม ชั้น 10","งานบริการการศึกษา","SL-X4300LX","326,981","326,984","3 แผ่น","0 แผ่น","3 แผ่น","0.59","1.77","1.77","0.00","ปกติ"
"2569-05","2569","07RUBJKK00005E","สี (เครื่องสี)","อาคารเรียนและปฏิบัติการรวม ชั้น 10","งานบริการการศึกษา","SL-X4300LX","111,339","111,339","0 แผ่น","0 แผ่น","0 แผ่น","2.90","0.00","0.00","0.00","ไม่มีการใช้"
"2569-05","2569","07RUBJKK0000SA","ขาว-ดำ (เครื่องสี)","อาคารเรียนและปฏิบัติการรวม ชั้น 10","งานบริการการศึกษา","SL-X4300LX","254,508","255,243","735 แผ่น","22 แผ่น","713 แผ่น","0.59","420.67","420.67","0.00","ปกติ"
"2569-05","2569","07RUBJKK0000SA","สี (เครื่องสี)","อาคารเรียนและปฏิบัติการรวม ชั้น 10","งานบริการการศึกษา","SL-X4300LX","238,514","238,577","63 แผ่น","2 แผ่น","61 แผ่น","2.90","176.90","176.90","0.00","ปกติ"
"2569-04","2569","07RUBJKK00005E","ขาว-ดำ (เครื่องสี)","อาคารเรียนและปฏิบัติการรวม ชั้น 10","งานบริการการศึกษา","SL-X4300LX","326,848","326,981","133 แผ่น","4 แผ่น","129 แผ่น","0.59","76.11","76.11","0.00","ปกติ"
"2569-04","2569","07RUBJKK00005E","สี (เครื่องสี)","อาคารเรียนและปฏิบัติการรวม ชั้น 10","งานบริการการศึกษา","SL-X4300LX","111,271","111,339","68 แผ่น","2 แผ่น","66 แผ่น","2.90","191.40","191.40","0.00","ปกติ"
"2569-04","2569","07RUBJKK0000SA","ขาว-ดำ (เครื่องสี)","อาคารเรียนและปฏิบัติการรวม ชั้น 10","งานบริการการศึกษา","SL-X4300LX","251,755","254,508","2,753 แผ่น","83 แผ่น","2,670 แผ่น","0.59","1,575.30","1,575.30","0.00","ปกติ"
"2569-04","2569","07RUBJKK0000SA","สี (เครื่องสี)","อาคารเรียนและปฏิบัติการรวม ชั้น 10","งานบริการการศึกษา","SL-X4300LX","238,089","238,514","425 แผ่น","13 แผ่น","412 แผ่น","2.90","1,194.80","1,194.80","0.00","ปกติ"
"2569-03","2569","07RUBJKK00005E","ขาว-ดำ (เครื่องสี)","อาคารเรียนและปฏิบัติการรวม ชั้น 10","งานบริการการศึกษา","SL-X4300LX","326,845","326,848","3 แผ่น","0 แผ่น","3 แผ่น","0.59","1.77","1.77","0.00","ปกติ"
"2569-03","2569","07RUBJKK00005E","สี (เครื่องสี)","อาคารเรียนและปฏิบัติการรวม ชั้น 10","งานบริการการศึกษา","SL-X4300LX","111,271","111,271","0 แผ่น","0 แผ่น","0 แผ่น","2.90","0.00","0.00","0.00","ไม่มีการใช้"
"2569-03","2569","07RUBJKK0000SA","ขาว-ดำ (เครื่องสี)","อาคารเรียนและปฏิบัติการรวม ชั้น 10","งานบริการการศึกษา","SL-X4300LX","251,224","251,755","531 แผ่น","16 แผ่น","515 แผ่น","0.59","303.85","303.85","0.00","ปกติ"
"2569-03","2569","07RUBJKK0000SA","สี (เครื่องสี)","อาคารเรียนและปฏิบัติการรวม ชั้น 10","งานบริการการศึกษา","SL-X4300LX","237,691","238,089","398 แผ่น","12 แผ่น","386 แผ่น","2.90","1,119.40","1,119.40","0.00","ปกติ"
"2569-02","2569","07RUBJKK00005E","ขาว-ดำ (เครื่องสี)","อาคารเรียนและปฏิบัติการรวม ชั้น 10","งานบริการการศึกษา","SL-X4300LX","326,580","326,845","265 แผ่น","8 แผ่น","257 แผ่น","0.59","151.63","151.63","0.00","ปกติ"
"2569-02","2569","07RUBJKK00005E","สี (เครื่องสี)","อาคารเรียนและปฏิบัติการรวม ชั้น 10","งานบริการการศึกษา","SL-X4300LX","111,271","111,271","0 แผ่น","0 แผ่น","0 แผ่น","2.90","0.00","0.00","0.00","ไม่มีการใช้"
"2569-02","2569","07RUBJKK0000SA","ขาว-ดำ (เครื่องสี)","อาคารเรียนและปฏิบัติการรวม ชั้น 10","งานบริการการศึกษา","SL-X4300LX","250,501","251,224","723 แผ่น","22 แผ่น","701 แผ่น","0.59","413.59","413.59","0.00","ปกติ"
"2569-02","2569","07RUBJKK0000SA","สี (เครื่องสี)","อาคารเรียนและปฏิบัติการรวม ชั้น 10","งานบริการการศึกษา","SL-X4300LX","237,286","237,691","405 แผ่น","12 แผ่น","393 แผ่น","2.90","1,139.70","1,139.70","0.00","ปกติ"
"2569-01","2569","07RUBJKK00005E","ขาว-ดำ (เครื่องสี)","อาคารเรียนและปฏิบัติการรวม ชั้น 10","งานบริการการศึกษา","SL-X4300LX","326,579","326,580","1 แผ่น","0 แผ่น","1 แผ่น","0.59","0.59","0.59","0.00","ปกติ"
"2569-01","2569","07RUBJKK00005E","สี (เครื่องสี)","อาคารเรียนและปฏิบัติการรวม ชั้น 10","งานบริการการศึกษา","SL-X4300LX","111,271","111,271","0 แผ่น","0 แผ่น","0 แผ่น","2.90","0.00","0.00","0.00","ไม่มีการใช้"
"2569-01","2569","07RUBJKK0000SA","ขาว-ดำ (เครื่องสี)","อาคารเรียนและปฏิบัติการรวม ชั้น 10","งานบริการการศึกษา","SL-X4300LX","248,873","250,501","1,628 แผ่น","49 แผ่น","1,579 แผ่น","0.59","931.61","931.61","0.00","ปกติ"
"2569-01","2569","07RUBJKK0000SA","สี (เครื่องสี)","อาคารเรียนและปฏิบัติการรวม ชั้น 10","งานบริการการศึกษา","SL-X4300LX","236,593","237,286","693 แผ่น","21 แผ่น","672 แผ่น","2.90","1,948.80","1,948.80","0.00","ปกติ"
"2568-12","2569","07RUBJKK00005E","ขาว-ดำ (เครื่องสี)","อาคารเรียนและปฏิบัติการรวม ชั้น 10","งานบริการการศึกษา","SL-X4300LX","326,555","326,579","24 แผ่น","1 แผ่น","23 แผ่น","0.59","13.57","13.57","0.00","ปกติ"
"2568-12","2569","07RUBJKK00005E","สี (เครื่องสี)","อาคารเรียนและปฏิบัติการรวม ชั้น 10","งานบริการการศึกษา","SL-X4300LX","111,193","111,271","78 แผ่น","2 แผ่น","76 แผ่น","2.90","220.40","220.40","0.00","ปกติ"
"2568-12","2569","07RUBJKK0000SA","ขาว-ดำ (เครื่องสี)","อาคารเรียนและปฏิบัติการรวม ชั้น 10","งานบริการการศึกษา","SL-X4300LX","247,680","248,873","1,193 แผ่น","36 แผ่น","1,157 แผ่น","0.59","682.63","682.63","0.00","ปกติ"
"2568-12","2569","07RUBJKK0000SA","สี (เครื่องสี)","อาคารเรียนและปฏิบัติการรวม ชั้น 10","งานบริการการศึกษา","SL-X4300LX","235,150","236,593","1,443 แผ่น","43 แผ่น","1,400 แผ่น","2.90","4,060.00","4,060.00","0.00","ปกติ"
"2568-11","2569","07RUBJKK00005E","ขาว-ดำ (เครื่องสี)","อาคารเรียนและปฏิบัติการรวม ชั้น 10","งานบริการการศึกษา","SL-X4300LX","326,103","326,555","452 แผ่น","14 แผ่น","438 แผ่น","0.59","258.42","258.42","0.00","ปกติ"
"2568-11","2569","07RUBJKK00005E","สี (เครื่องสี)","อาคารเรียนและปฏิบัติการรวม ชั้น 10","งานบริการการศึกษา","SL-X4300LX","111,131","111,193","62 แผ่น","2 แผ่น","60 แผ่น","2.90","174.00","174.00","0.00","ปกติ"
"2568-11","2569","07RUBJKK0000SA","ขาว-ดำ (เครื่องสี)","อาคารเรียนและปฏิบัติการรวม ชั้น 10","งานบริการการศึกษา","SL-X4300LX","246,451","247,680","1,229 แผ่น","37 แผ่น","1,192 แผ่น","0.59","703.28","703.28","0.00","ปกติ"
"2568-11","2569","07RUBJKK0000SA","สี (เครื่องสี)","อาคารเรียนและปฏิบัติการรวม ชั้น 10","งานบริการการศึกษา","SL-X4300LX","233,688","235,150","1,462 แผ่น","44 แผ่น","1,418 แผ่น","2.90","4,112.20","4,112.20","0.00","ปกติ"
"2568-10","2569","07RUBJKK00005E","ขาว-ดำ (เครื่องสี)","อาคารเรียนและปฏิบัติการรวม ชั้น 10","งานบริการการศึกษา","SL-X4300LX","326,071","326,103","32 แผ่น","1 แผ่น","31 แผ่น","0.59","18.29","18.29","0.00","ปกติ"
"2568-10","2569","07RUBJKK00005E","สี (เครื่องสี)","อาคารเรียนและปฏิบัติการรวม ชั้น 10","งานบริการการศึกษา","SL-X4300LX","111,108","111,131","23 แผ่น","1 แผ่น","22 แผ่น","2.90","63.80","63.80","0.00","ปกติ"
"2568-10","2569","07RUBJKK0000SA","ขาว-ดำ (เครื่องสี)","อาคารเรียนและปฏิบัติการรวม ชั้น 10","งานบริการการศึกษา","SL-X4300LX","246,342","246,451","109 แผ่น","3 แผ่น","106 แผ่น","0.59","62.54","62.54","0.00","ปกติ"
"2568-10","2569","07RUBJKK0000SA","สี (เครื่องสี)","อาคารเรียนและปฏิบัติการรวม ชั้น 10","งานบริการการศึกษา","SL-X4300LX","233,660","233,688","28 แผ่น","1 แผ่น","27 แผ่น","2.90","78.30","78.30","0.00","ปกติ"
"2568-09","2568","0A3HB1DH60003RK","ขาว-ดำ (เครื่องขาว-ดำ)","อาคารเรียนและปฏิบัติการรวม ชั้น 10","งานบริหาร งานบริหารทรัพยากรมนุษย์","SL-K7500LX","564,100","570,342","6,242 แผ่น","187 แผ่น","6,055 แผ่น","0.33","1,998.15","1,998.15","0.00","ปกติ"
"2568-08","2568","0A3HB1DH60003RK","ขาว-ดำ (เครื่องขาว-ดำ)","อาคารเรียนและปฏิบัติการรวม ชั้น 10","งานบริหาร งานบริหารทรัพยากรมนุษย์","SL-K7500LX","562,697","564,100","1,403 แผ่น","42 แผ่น","1,361 แผ่น","0.33","449.13","449.13","0.00","ปกติ"
"2568-07","2568","0A3HB1DH60003RK","ขาว-ดำ (เครื่องขาว-ดำ)","อาคารเรียนและปฏิบัติการรวม ชั้น 10","งานบริหาร งานบริหารทรัพยากรมนุษย์","SL-K7500LX","559,289","562,697","3,408 แผ่น","102 แผ่น","3,306 แผ่น","0.33","1,090.98","1,090.98","0.00","ปกติ"
"2568-06","2568","0A3HB1DH60003RK","ขาว-ดำ (เครื่องขาว-ดำ)","อาคารเรียนและปฏิบัติการรวม ชั้น 10","งานบริหาร งานบริหารทรัพยากรมนุษย์","SL-K7500LX","555,449","559,289","3,840 แผ่น","115 แผ่น","3,725 แผ่น","0.33","1,229.25","1,229.25","0.00","ปกติ"
"2568-05","2568","0A3HB1DH60003RK","ขาว-ดำ (เครื่องขาว-ดำ)","อาคารเรียนและปฏิบัติการรวม ชั้น 10","งานบริหาร งานบริหารทรัพยากรมนุษย์","SL-K7500LX","554,023","555,449","1,426 แผ่น","43 แผ่น","1,383 แผ่น","0.33","456.39","456.39","0.00","ปกติ"
"2568-04","2568","0A3HB1DH60003RK","ขาว-ดำ (เครื่องขาว-ดำ)","อาคารเรียนและปฏิบัติการรวม ชั้น 10","งานบริหาร งานบริหารทรัพยากรมนุษย์","SL-K7500LX","550,532","554,023","3,491 แผ่น","105 แผ่น","3,386 แผ่น","0.33","1,117.38","1,117.38","0.00","ปกติ"
"2568-03","2568","0A3HB1DH60003RK","ขาว-ดำ (เครื่องขาว-ดำ)","อาคารเรียนและปฏิบัติการรวม ชั้น 10","งานบริหาร งานบริหารทรัพยากรมนุษย์","SL-K7500LX","547,042","550,532","3,490 แผ่น","105 แผ่น","3,385 แผ่น","0.33","1,117.05","1,117.05","0.00","ปกติ"
"2568-02","2568","0A3HB1DH60003RK","ขาว-ดำ (เครื่องขาว-ดำ)","อาคารเรียนและปฏิบัติการรวม ชั้น 10","งานบริหาร งานบริหารทรัพยากรมนุษย์","SL-K7500LX","544,084","547,042","2,958 แผ่น","89 แผ่น","2,869 แผ่น","0.33","946.77","946.77","0.00","ปกติ"
"2568-01","2568","0A3HB1DH60003RK","ขาว-ดำ (เครื่องขาว-ดำ)","อาคารเรียนและปฏิบัติการรวม ชั้น 10","งานบริหาร งานบริหารทรัพยากรมนุษย์","SL-K7500LX","539,619","544,084","4,465 แผ่น","134 แผ่น","4,331 แผ่น","0.33","1,429.23","1,429.23","0.00","ปกติ"
"2567-12","2568","0A3HB1DH60003RK","ขาว-ดำ (เครื่องขาว-ดำ)","อาคารเรียนและปฏิบัติการรวม ชั้น 10","งานบริหาร งานบริหารทรัพยากรมนุษย์","SL-K7500LX","534,569","539,619","5,050 แผ่น","152 แผ่น","4,899 แผ่น","0.33","1,616.67","1,616.67","0.00","ปกติ"
"2567-11","2568","0A3HB1DH60003RK","ขาว-ดำ (เครื่องขาว-ดำ)","อาคารเรียนและปฏิบัติการรวม ชั้น 10","งานบริหาร งานบริหารทรัพยากรมนุษย์","SL-K7500LX","529,582","534,569","4,987 แผ่น","150 แผ่น","4,837 แผ่น","0.33","1,596.21","1,596.21","0.00","ปกติ"
"2567-10","2568","85002197","ขาว-ดำ (เครื่องขาว-ดำ)","อาคารเรียนและปฏิบัติการรวม ชั้น 10","งานบริหาร งานบริหารทรัพยากรมนุษย์","MX-M464N","776,383","781,545","5,162 แผ่น","155 แผ่น","5,007 แผ่น","0.33","1,652.31","1,652.31","0.00","ปกติ"
"2569-07","2569","0A3HB1DH60003RK","ขาว-ดำ (เครื่องขาว-ดำ)","อาคารเรียนและปฏิบัติการรวม ชั้น 10","งานบริหาร งานบริหารทรัพยากรมนุษย์","SL-K7500LX","598,155","602,576","4,421 แผ่น","133 แผ่น","4,288 แผ่น","0.33","1,415.04","1,415.04","0.00","ปกติ"
"2569-06","2569","0A3HB1DH60003RK","ขาว-ดำ (เครื่องขาว-ดำ)","อาคารเรียนและปฏิบัติการรวม ชั้น 10","งานบริหาร งานบริหารทรัพยากรมนุษย์","SL-K7500LX","594,416","598,155","3,739 แผ่น","112 แผ่น","3,627 แผ่น","0.33","1,196.91","1,196.91","0.00","ปกติ"
"2569-05","2569","0A3HB1DH60003RK","ขาว-ดำ (เครื่องขาว-ดำ)","อาคารเรียนและปฏิบัติการรวม ชั้น 10","งานบริหาร งานบริหารทรัพยากรมนุษย์","SL-K7500LX","592,191","594,416","2,225 แผ่น","67 แผ่น","2,158 แผ่น","0.33","712.14","712.14","0.00","ปกติ"
"2569-04","2569","0A3HB1DH60003RK","ขาว-ดำ (เครื่องขาว-ดำ)","อาคารเรียนและปฏิบัติการรวม ชั้น 10","งานบริหาร งานบริหารทรัพยากรมนุษย์","SL-K7500LX","588,736","592,191","3,455 แผ่น","104 แผ่น","3,351 แผ่น","0.33","1,105.83","1,105.83","0.00","ปกติ"
"2569-03","2569","0A3HB1DH60003RK","ขาว-ดำ (เครื่องขาว-ดำ)","อาคารเรียนและปฏิบัติการรวม ชั้น 10","งานบริหาร งานบริหารทรัพยากรมนุษย์","SL-K7500LX","586,850","588,736","1,886 แผ่น","57 แผ่น","1,829 แผ่น","0.33","603.57","603.57","0.00","ปกติ"
"2569-02","2569","0A3HB1DH60003RK","ขาว-ดำ (เครื่องขาว-ดำ)","อาคารเรียนและปฏิบัติการรวม ชั้น 10","งานบริหาร งานบริหารทรัพยากรมนุษย์","SL-K7500LX","584,258","586,850","2,592 แผ่น","78 แผ่น","2,514 แผ่น","0.33","829.62","829.62","0.00","ปกติ"
"2569-01","2569","0A3HB1DH60003RK","ขาว-ดำ (เครื่องขาว-ดำ)","อาคารเรียนและปฏิบัติการรวม ชั้น 10","งานบริหาร งานบริหารทรัพยากรมนุษย์","SL-K7500LX","580,303","584,258","3,955 แผ่น","119 แผ่น","3,836 แผ่น","0.33","1,265.88","1,265.88","0.00","ปกติ"
"2568-12","2569","0A3HB1DH60003RK","ขาว-ดำ (เครื่องขาว-ดำ)","อาคารเรียนและปฏิบัติการรวม ชั้น 10","งานบริหาร งานบริหารทรัพยากรมนุษย์","SL-K7500LX","577,770","580,303","2,533 แผ่น","76 แผ่น","2,457 แผ่น","0.33","810.81","810.81","0.00","ปกติ"
"2568-11","2569","0A3HB1DH60003RK","ขาว-ดำ (เครื่องขาว-ดำ)","อาคารเรียนและปฏิบัติการรวม ชั้น 10","งานบริหาร งานบริหารทรัพยากรมนุษย์","SL-K7500LX","574,517","577,770","3,253 แผ่น","98 แผ่น","3,155 แผ่น","0.33","1,041.15","1,041.15","0.00","ปกติ"
"2568-10","2569","0A3HB1DH60003RK","ขาว-ดำ (เครื่องขาว-ดำ)","อาคารเรียนและปฏิบัติการรวม ชั้น 10","งานบริหาร งานบริหารทรัพยากรมนุษย์","SL-K7500LX","570,342","574,517","4,175 แผ่น","125 แผ่น","4,050 แผ่น","0.33","1,336.50","1,336.50","0.00","ปกติ"
"2567-10","2568","D70001TW","ขาว-ดำ (เครื่องสี)","อาคารเรียนและปฏิบัติการรวม ชั้น 10","งานบัณฑิตศึกษา, งานวิจัยฯ","CLX-9301NA","665,669","666,389","720 แผ่น","22 แผ่น","698 แผ่น","0.59","411.82","411.82","0.00","ปกติ"
"2567-10","2568","D70001TW","สี (เครื่องสี)","อาคารเรียนและปฏิบัติการรวม ชั้น 10","งานบัณฑิตศึกษา, งานวิจัยฯ","CLX-9301NA","114,808","116,744","1,936 แผ่น","58 แผ่น","1,878 แผ่น","2.90","5,446.20","5,446.20","0.00","ปกติ"
"2568-09","2568","0A3HB1DH60005EB","ขาว-ดำ (เครื่องขาว-ดำ)","อาคารเรียนและปฏิบัติการรวม ชั้น 10","งานยุทธศาสตร์และงบประมาณ","SL-K7500LX","523,997","537,004","13,007 แผ่น","390 แผ่น","12,617 แผ่น","0.33","4,163.61","4,163.61","0.00","ปกติ"
"2568-08","2568","0A3HB1DH60005EB","ขาว-ดำ (เครื่องขาว-ดำ)","อาคารเรียนและปฏิบัติการรวม ชั้น 10","งานยุทธศาสตร์และงบประมาณ","SL-K7500LX","519,357","523,997","4,640 แผ่น","139 แผ่น","4,501 แผ่น","0.33","1,485.33","1,485.33","0.00","ปกติ"
"2568-07","2568","0A3HB1DH60005EB","ขาว-ดำ (เครื่องขาว-ดำ)","อาคารเรียนและปฏิบัติการรวม ชั้น 10","งานยุทธศาสตร์และงบประมาณ","SL-K7500LX","511,570","519,357","7,787 แผ่น","234 แผ่น","7,553 แผ่น","0.33","2,492.49","2,492.49","0.00","ปกติ"
"2568-06","2568","0A3HB1DH60005EB","ขาว-ดำ (เครื่องขาว-ดำ)","อาคารเรียนและปฏิบัติการรวม ชั้น 10","งานยุทธศาสตร์และงบประมาณ","SL-K7500LX","501,557","511,570","10,013 แผ่น","300 แผ่น","9,713 แผ่น","0.33","3,205.29","3,205.29","0.00","ปกติ"
"2568-05","2568","0A3HB1DH60005EB","ขาว-ดำ (เครื่องขาว-ดำ)","อาคารเรียนและปฏิบัติการรวม ชั้น 10","งานยุทธศาสตร์และงบประมาณ","SL-K7500LX","498,281","501,557","3,276 แผ่น","98 แผ่น","3,178 แผ่น","0.33","1,048.74","1,048.74","0.00","ปกติ"
"2568-04","2568","0A3HB1DH60005EB","ขาว-ดำ (เครื่องขาว-ดำ)","อาคารเรียนและปฏิบัติการรวม ชั้น 10","งานยุทธศาสตร์และงบประมาณ","SL-K7500LX","488,455","498,281","9,826 แผ่น","295 แผ่น","9,531 แผ่น","0.33","3,145.23","3,145.23","0.00","ปกติ"
"2568-03","2568","0A3HB1DH60005EB","ขาว-ดำ (เครื่องขาว-ดำ)","อาคารเรียนและปฏิบัติการรวม ชั้น 10","งานยุทธศาสตร์และงบประมาณ","SL-K7500LX","481,173","488,455","7,282 แผ่น","218 แผ่น","7,064 แผ่น","0.33","2,331.12","2,331.12","0.00","ปกติ"
"2568-02","2568","0A3HB1DH60005EB","ขาว-ดำ (เครื่องขาว-ดำ)","อาคารเรียนและปฏิบัติการรวม ชั้น 10","งานยุทธศาสตร์และงบประมาณ","SL-K7500LX","476,053","481,173","5,120 แผ่น","154 แผ่น","4,966 แผ่น","0.33","1,638.78","1,638.78","0.00","ปกติ"
"2568-01","2568","0A3HB1DH60005EB","ขาว-ดำ (เครื่องขาว-ดำ)","อาคารเรียนและปฏิบัติการรวม ชั้น 10","งานยุทธศาสตร์และงบประมาณ","SL-K7500LX","469,478","476,053","6,575 แผ่น","197 แผ่น","6,378 แผ่น","0.33","2,104.74","2,104.74","0.00","ปกติ"
"2567-12","2568","0A3HB1DH60005EB","ขาว-ดำ (เครื่องขาว-ดำ)","อาคารเรียนและปฏิบัติการรวม ชั้น 10","งานยุทธศาสตร์และงบประมาณ","SL-K7500LX","463,874","469,478","5,604 แผ่น","168 แผ่น","5,436 แผ่น","0.33","1,793.88","1,793.88","0.00","ปกติ"
"2567-11","2568","0A3HB1DH60005EB","ขาว-ดำ (เครื่องขาว-ดำ)","อาคารเรียนและปฏิบัติการรวม ชั้น 10","งานยุทธศาสตร์และงบประมาณ","SL-K7500LX","457,840","463,874","6,034 แผ่น","181 แผ่น","5,853 แผ่น","0.33","1,931.49","1,931.49","0.00","ปกติ"
"2567-10","2568","85000558","ขาว-ดำ (เครื่องขาว-ดำ)","อาคารเรียนและปฏิบัติการรวม ชั้น 10","งานยุทธศาสตร์และงบประมาณ","MX-M464N","472,060","484,930","12,870 แผ่น","386 แผ่น","12,484 แผ่น","0.33","4,119.72","4,119.72","0.00","ปกติ"
"2569-07","2569","0A3HB1DH60005EB","ขาว-ดำ (เครื่องขาว-ดำ)","อาคารเรียนและปฏิบัติการรวม ชั้น 10","งานยุทธศาสตร์และงบประมาณ","SL-K7500LX","591,076","598,838","7,762 แผ่น","233 แผ่น","7,529 แผ่น","0.33","2,484.57","2,484.57","0.00","ปกติ"
"2569-06","2569","0A3HB1DH60005EB","ขาว-ดำ (เครื่องขาว-ดำ)","อาคารเรียนและปฏิบัติการรวม ชั้น 10","งานยุทธศาสตร์และงบประมาณ","SL-K7500LX","583,943","591,076","7,133 แผ่น","214 แผ่น","6,919 แผ่น","0.33","2,283.27","2,283.27","0.00","ปกติ"
"2569-05","2569","0A3HB1DH60005EB","ขาว-ดำ (เครื่องขาว-ดำ)","อาคารเรียนและปฏิบัติการรวม ชั้น 10","งานยุทธศาสตร์และงบประมาณ","SL-K7500LX","579,575","583,943","4,368 แผ่น","131 แผ่น","4,237 แผ่น","0.33","1,398.21","1,398.21","0.00","ปกติ"
"2569-04","2569","0A3HB1DH60005EB","ขาว-ดำ (เครื่องขาว-ดำ)","อาคารเรียนและปฏิบัติการรวม ชั้น 10","งานยุทธศาสตร์และงบประมาณ","SL-K7500LX","574,412","579,575","5,163 แผ่น","155 แผ่น","5,008 แผ่น","0.33","1,652.64","1,652.64","0.00","ปกติ"
"2569-03","2569","0A3HB1DH60005EB","ขาว-ดำ (เครื่องขาว-ดำ)","อาคารเรียนและปฏิบัติการรวม ชั้น 10","งานยุทธศาสตร์และงบประมาณ","SL-K7500LX","569,279","574,412","5,133 แผ่น","154 แผ่น","4,979 แผ่น","0.33","1,643.07","1,643.07","0.00","ปกติ"
"2569-02","2569","0A3HB1DH60005EB","ขาว-ดำ (เครื่องขาว-ดำ)","อาคารเรียนและปฏิบัติการรวม ชั้น 10","งานยุทธศาสตร์และงบประมาณ","SL-K7500LX","564,174","569,279","5,105 แผ่น","153 แผ่น","4,952 แผ่น","0.33","1,634.16","1,634.16","0.00","ปกติ"
"2569-01","2569","0A3HB1DH60005EB","ขาว-ดำ (เครื่องขาว-ดำ)","อาคารเรียนและปฏิบัติการรวม ชั้น 10","งานยุทธศาสตร์และงบประมาณ","SL-K7500LX","556,578","564,174","7,596 แผ่น","228 แผ่น","7,368 แผ่น","0.33","2,431.44","2,431.44","0.00","ปกติ"
"2568-12","2569","0A3HB1DH60005EB","ขาว-ดำ (เครื่องขาว-ดำ)","อาคารเรียนและปฏิบัติการรวม ชั้น 10","งานยุทธศาสตร์และงบประมาณ","SL-K7500LX","550,311","556,578","6,267 แผ่น","188 แผ่น","6,079 แผ่น","0.33","2,006.07","2,006.07","0.00","ปกติ"
"2568-11","2569","0A3HB1DH60005EB","ขาว-ดำ (เครื่องขาว-ดำ)","อาคารเรียนและปฏิบัติการรวม ชั้น 10","งานยุทธศาสตร์และงบประมาณ","SL-K7500LX","543,475","550,311","6,836 แผ่น","205 แผ่น","6,631 แผ่น","0.33","2,188.23","2,188.23","0.00","ปกติ"
"2568-10","2569","0A3HB1DH60005EB","ขาว-ดำ (เครื่องขาว-ดำ)","อาคารเรียนและปฏิบัติการรวม ชั้น 10","งานยุทธศาสตร์และงบประมาณ","SL-K7500LX","537,004","543,475","6,471 แผ่น","194 แผ่น","6,277 แผ่น","0.33","2,071.41","2,071.41","0.00","ปกติ"
"2567-10","2568","85000258","ขาว-ดำ (เครื่องขาว-ดำ)","อาคารเรียนและปฏิบัติการรวม ชั้น 8","งานวิจัย ส่งเสริมและพัฒนาวิชาการ","MX-M464N","86,549","87,914","1,365 แผ่น","41 แผ่น","1,324 แผ่น","0.33","436.92","436.92","0.00","ปกติ"
"2568-09","2568","0A3HBJNJCO00029J","ขาว-ดำ (เครื่องขาว-ดำ)","อาคารเรียนและปฏิบัติการรวม ชั้น 10","งานวิจัย ส่งเสริมและพัฒนาวิชาการ-งานบัณฑิตศึกษา-งานประกันคุณภาพการศึกษา-งานศูนย์สอบ-งานบริการการศึกษา -Skill Lab","SL-K7500LX","399,161","413,435","14,274 แผ่น","428 แผ่น","13,846 แผ่น","0.33","4,569.18","4,569.18","0.00","ปกติ"
"2568-08","2568","0A3HBJNJCO00029J","ขาว-ดำ (เครื่องขาว-ดำ)","อาคารเรียนและปฏิบัติการรวม ชั้น 10","งานวิจัย ส่งเสริมและพัฒนาวิชาการ-งานบัณฑิตศึกษา-งานประกันคุณภาพการศึกษา-งานศูนย์สอบ-งานบริการการศึกษา -Skill Lab","SL-K7500LX","394,492","399,161","4,669 แผ่น","140 แผ่น","4,529 แผ่น","0.33","1,494.57","1,494.57","0.00","ปกติ"
"2568-07","2568","0A3HBJNJCO00029J","ขาว-ดำ (เครื่องขาว-ดำ)","อาคารเรียนและปฏิบัติการรวม ชั้น 10","งานวิจัย ส่งเสริมและพัฒนาวิชาการ-งานบัณฑิตศึกษา-งานประกันคุณภาพการศึกษา-งานศูนย์สอบ-งานบริการการศึกษา -Skill Lab","SL-K7500LX","385,995","394,492","8,497 แผ่น","255 แผ่น","8,242 แผ่น","0.33","2,719.86","2,719.86","0.00","ปกติ"
"2568-06","2568","0A3HBJNJCO00029J","ขาว-ดำ (เครื่องขาว-ดำ)","อาคารเรียนและปฏิบัติการรวม ชั้น 10","งานวิจัย ส่งเสริมและพัฒนาวิชาการ-งานบัณฑิตศึกษา-งานประกันคุณภาพการศึกษา-งานศูนย์สอบ-งานบริการการศึกษา -Skill Lab","SL-K7500LX","374,973","385,995","11,022 แผ่น","331 แผ่น","10,691 แผ่น","0.33","3,528.03","3,528.03","0.00","ปกติ"
"2568-05","2568","0A3HBJNJCO00029J","ขาว-ดำ (เครื่องขาว-ดำ)","อาคารเรียนและปฏิบัติการรวม ชั้น 10","งานวิจัย ส่งเสริมและพัฒนาวิชาการ-งานบัณฑิตศึกษา-งานประกันคุณภาพการศึกษา-งานศูนย์สอบ-งานบริการการศึกษา -Skill Lab","SL-K7500LX","371,373","374,973","3,600 แผ่น","108 แผ่น","3,492 แผ่น","0.33","1,152.36","1,152.36","0.00","ปกติ"
"2568-04","2568","0A3HBJNJCO00029J","ขาว-ดำ (เครื่องขาว-ดำ)","อาคารเรียนและปฏิบัติการรวม ชั้น 10","งานวิจัย ส่งเสริมและพัฒนาวิชาการ-งานบัณฑิตศึกษา-งานประกันคุณภาพการศึกษา-งานศูนย์สอบ-งานบริการการศึกษา -Skill Lab","SL-K7500LX","363,576","371,373","7,797 แผ่น","234 แผ่น","7,563 แผ่น","0.33","2,495.79","2,495.79","0.00","ปกติ"
"2568-03","2568","0A3HBJNJCO00029J","ขาว-ดำ (เครื่องขาว-ดำ)","อาคารเรียนและปฏิบัติการรวม ชั้น 10","งานวิจัย ส่งเสริมและพัฒนาวิชาการ-งานบัณฑิตศึกษา-งานประกันคุณภาพการศึกษา-งานศูนย์สอบ-งานบริการการศึกษา -Skill Lab","SL-K7500LX","356,263","363,576","7,313 แผ่น","219 แผ่น","7,094 แผ่น","0.33","2,341.02","2,341.02","0.00","ปกติ"
"2568-02","2568","0A3HBJNJCO00029J","ขาว-ดำ (เครื่องขาว-ดำ)","อาคารเรียนและปฏิบัติการรวม ชั้น 10","งานวิจัย ส่งเสริมและพัฒนาวิชาการ-งานบัณฑิตศึกษา-งานประกันคุณภาพการศึกษา-งานศูนย์สอบ-งานบริการการศึกษา -Skill Lab","SL-K7500LX","350,443","356,263","5,820 แผ่น","175 แผ่น","5,645 แผ่น","0.33","1,862.85","1,862.85","0.00","ปกติ"
"2568-01","2568","0A3HBJNJCO00029J","ขาว-ดำ (เครื่องขาว-ดำ)","อาคารเรียนและปฏิบัติการรวม ชั้น 10","งานวิจัย ส่งเสริมและพัฒนาวิชาการ-งานบัณฑิตศึกษา-งานประกันคุณภาพการศึกษา-งานศูนย์สอบ-งานบริการการศึกษา -Skill Lab","SL-K7500LX","341,031","350,443","9,412 แผ่น","282 แผ่น","9,130 แผ่น","0.33","3,012.90","3,012.90","0.00","ปกติ"
"2567-12","2568","0A3HBJNJCO00029J","ขาว-ดำ (เครื่องขาว-ดำ)","อาคารเรียนและปฏิบัติการรวม ชั้น 10","งานวิจัย ส่งเสริมและพัฒนาวิชาการ-งานบัณฑิตศึกษา-งานประกันคุณภาพการศึกษา-งานศูนย์สอบ-งานบริการการศึกษา -Skill Lab","SL-K7500LX","331,975","341,031","9,056 แผ่น","272 แผ่น","8,784 แผ่น","0.33","2,898.72","2,898.72","0.00","ปกติ"
"2567-11","2568","0A3HBJNJCO00029J","ขาว-ดำ (เครื่องขาว-ดำ)","อาคารเรียนและปฏิบัติการรวม ชั้น 10","งานวิจัย ส่งเสริมและพัฒนาวิชาการ-งานบัณฑิตศึกษา-งานประกันคุณภาพการศึกษา-งานศูนย์สอบ-งานบริการการศึกษา -Skill Lab","SL-K7500LX","323,147","331,975","8,828 แผ่น","265 แผ่น","8,563 แผ่น","0.33","2,825.79","2,825.79","0.00","ปกติ"
"2569-07","2569","0A3HBJNJCO00029J","ขาว-ดำ (เครื่องขาว-ดำ)","อาคารเรียนและปฏิบัติการรวม ชั้น 10","งานวิจัย ส่งเสริมและพัฒนาวิชาการ-งานบัณฑิตศึกษา-งานประกันคุณภาพการศึกษา-งานศูนย์สอบ-งานบริการการศึกษา -Skill Lab","SL-K7500LX","492,498","502,660","10,162 แผ่น","305 แผ่น","9,857 แผ่น","0.33","3,252.81","3,252.81","0.00","ปกติ"
"2569-06","2569","0A3HBJNJCO00029J","ขาว-ดำ (เครื่องขาว-ดำ)","อาคารเรียนและปฏิบัติการรวม ชั้น 10","งานวิจัย ส่งเสริมและพัฒนาวิชาการ-งานบัณฑิตศึกษา-งานประกันคุณภาพการศึกษา-งานศูนย์สอบ-งานบริการการศึกษา -Skill Lab","SL-K7500LX","481,284","492,498","11,214 แผ่น","336 แผ่น","10,878 แผ่น","0.33","3,589.74","3,589.74","0.00","ปกติ"
"2569-05","2569","0A3HBJNJCO00029J","ขาว-ดำ (เครื่องขาว-ดำ)","อาคารเรียนและปฏิบัติการรวม ชั้น 10","งานวิจัย ส่งเสริมและพัฒนาวิชาการ-งานบัณฑิตศึกษา-งานประกันคุณภาพการศึกษา-งานศูนย์สอบ-งานบริการการศึกษา -Skill Lab","SL-K7500LX","471,007","481,284","10,277 แผ่น","308 แผ่น","9,969 แผ่น","0.33","3,289.77","3,289.77","0.00","ปกติ"
"2569-04","2569","0A3HBJNJCO00029J","ขาว-ดำ (เครื่องขาว-ดำ)","อาคารเรียนและปฏิบัติการรวม ชั้น 10","งานวิจัย ส่งเสริมและพัฒนาวิชาการ-งานบัณฑิตศึกษา-งานประกันคุณภาพการศึกษา-งานศูนย์สอบ-งานบริการการศึกษา -Skill Lab","SL-K7500LX","460,773","471,007","10,234 แผ่น","307 แผ่น","9,927 แผ่น","0.33","3,275.91","3,275.91","0.00","ปกติ"
"2569-03","2569","0A3HBJNJCO00029J","ขาว-ดำ (เครื่องขาว-ดำ)","อาคารเรียนและปฏิบัติการรวม ชั้น 10","งานวิจัย ส่งเสริมและพัฒนาวิชาการ-งานบัณฑิตศึกษา-งานประกันคุณภาพการศึกษา-งานศูนย์สอบ-งานบริการการศึกษา -Skill Lab","SL-K7500LX","455,373","460,773","5,400 แผ่น","162 แผ่น","5,238 แผ่น","0.33","1,728.54","1,728.54","0.00","ปกติ"
"2569-02","2569","0A3HBJNJCO00029J","ขาว-ดำ (เครื่องขาว-ดำ)","อาคารเรียนและปฏิบัติการรวม ชั้น 10","งานวิจัย ส่งเสริมและพัฒนาวิชาการ-งานบัณฑิตศึกษา-งานประกันคุณภาพการศึกษา-งานศูนย์สอบ-งานบริการการศึกษา -Skill Lab","SL-K7500LX","450,234","455,373","5,139 แผ่น","154 แผ่น","4,985 แผ่น","0.33","1,645.05","1,645.05","0.00","ปกติ"
"2569-01","2569","0A3HBJNJCO00029J","ขาว-ดำ (เครื่องขาว-ดำ)","อาคารเรียนและปฏิบัติการรวม ชั้น 10","งานวิจัย ส่งเสริมและพัฒนาวิชาการ-งานบัณฑิตศึกษา-งานประกันคุณภาพการศึกษา-งานศูนย์สอบ-งานบริการการศึกษา -Skill Lab","SL-K7500LX","444,360","450,234","5,874 แผ่น","176 แผ่น","5,698 แผ่น","0.33","1,880.34","1,880.34","0.00","ปกติ"
"2568-12","2569","0A3HBJNJCO00029J","ขาว-ดำ (เครื่องขาว-ดำ)","อาคารเรียนและปฏิบัติการรวม ชั้น 10","งานวิจัย ส่งเสริมและพัฒนาวิชาการ-งานบัณฑิตศึกษา-งานประกันคุณภาพการศึกษา-งานศูนย์สอบ-งานบริการการศึกษา -Skill Lab","SL-K7500LX","434,807","444,360","9,553 แผ่น","287 แผ่น","9,266 แผ่น","0.33","3,057.78","3,057.78","0.00","ปกติ"
"2568-11","2569","0A3HBJNJCO00029J","ขาว-ดำ (เครื่องขาว-ดำ)","อาคารเรียนและปฏิบัติการรวม ชั้น 10","งานวิจัย ส่งเสริมและพัฒนาวิชาการ-งานบัณฑิตศึกษา-งานประกันคุณภาพการศึกษา-งานศูนย์สอบ-งานบริการการศึกษา -Skill Lab","SL-K7500LX","423,763","434,807","11,044 แผ่น","331 แผ่น","10,713 แผ่น","0.33","3,535.29","3,535.29","0.00","ปกติ"
"2568-10","2569","0A3HBJNJCO00029J","ขาว-ดำ (เครื่องขาว-ดำ)","อาคารเรียนและปฏิบัติการรวม ชั้น 10","งานวิจัย ส่งเสริมและพัฒนาวิชาการ-งานบัณฑิตศึกษา-งานประกันคุณภาพการศึกษา-งานศูนย์สอบ-งานบริการการศึกษา -Skill Lab","SL-K7500LX","413,435","423,763","10,328 แผ่น","310 แผ่น","10,018 แผ่น","0.33","3,305.94","3,305.94","0.00","ปกติ"
"2568-09","2568","0A3HBIDH60003VE","ขาว-ดำ (เครื่องขาว-ดำ)","อาคารเรียนและปฏิบัติการรวม ชั้น 5","งานส่งเสริมและสนับสนุนการศึกษา","SL-K7500LX","462,930","464,131","1,201 แผ่น","36 แผ่น","1,165 แผ่น","0.33","384.45","384.45","0.00","ปกติ"
"2568-08","2568","0A3HBIDH60003VE","ขาว-ดำ (เครื่องขาว-ดำ)","อาคารเรียนและปฏิบัติการรวม ชั้น 5","งานส่งเสริมและสนับสนุนการศึกษา","SL-K7500LX","462,475","462,930","455 แผ่น","14 แผ่น","441 แผ่น","0.33","145.53","145.53","0.00","ปกติ"
"2568-07","2568","0A3HBIDH60003VE","ขาว-ดำ (เครื่องขาว-ดำ)","อาคารเรียนและปฏิบัติการรวม ชั้น 5","งานส่งเสริมและสนับสนุนการศึกษา","SL-K7500LX","461,749","462,475","726 แผ่น","22 แผ่น","704 แผ่น","0.33","232.32","232.32","0.00","ปกติ"
"2568-06","2568","0A3HBIDH60003VE","ขาว-ดำ (เครื่องขาว-ดำ)","อาคารเรียนและปฏิบัติการรวม ชั้น 5","งานส่งเสริมและสนับสนุนการศึกษา","SL-K7500LX","461,007","461,749","742 แผ่น","22 แผ่น","720 แผ่น","0.33","237.60","237.60","0.00","ปกติ"
"2568-05","2568","0A3HBIDH60003VE","ขาว-ดำ (เครื่องขาว-ดำ)","อาคารเรียนและปฏิบัติการรวม ชั้น 5","งานส่งเสริมและสนับสนุนการศึกษา","SL-K7500LX","460,650","461,007","357 แผ่น","11 แผ่น","346 แผ่น","0.33","114.18","114.18","0.00","ปกติ"
"2568-04","2568","0A3HBIDH60003VE","ขาว-ดำ (เครื่องขาว-ดำ)","อาคารเรียนและปฏิบัติการรวม ชั้น 5","งานส่งเสริมและสนับสนุนการศึกษา","SL-K7500LX","460,089","460,650","561 แผ่น","17 แผ่น","544 แผ่น","0.33","179.52","179.52","0.00","ปกติ"
"2568-03","2568","0A3HBIDH60003VE","ขาว-ดำ (เครื่องขาว-ดำ)","อาคารเรียนและปฏิบัติการรวม ชั้น 5","งานส่งเสริมและสนับสนุนการศึกษา","SL-K7500LX","459,274","460,089","815 แผ่น","24 แผ่น","791 แผ่น","0.33","261.03","261.03","0.00","ปกติ"
"2568-02","2568","0A3HBIDH60003VE","ขาว-ดำ (เครื่องขาว-ดำ)","อาคารเรียนและปฏิบัติการรวม ชั้น 5","งานส่งเสริมและสนับสนุนการศึกษา","SL-K7500LX","458,375","459,274","899 แผ่น","27 แผ่น","872 แผ่น","0.33","287.76","287.76","0.00","ปกติ"
"2568-01","2568","0A3HBIDH60003VE","ขาว-ดำ (เครื่องขาว-ดำ)","อาคารเรียนและปฏิบัติการรวม ชั้น 5","งานส่งเสริมและสนับสนุนการศึกษา","SL-K7500LX","458,121","458,375","254 แผ่น","8 แผ่น","246 แผ่น","0.33","81.18","81.18","0.00","ปกติ"
"2567-12","2568","0A3HBIDH60003VE","ขาว-ดำ (เครื่องขาว-ดำ)","อาคารเรียนและปฏิบัติการรวม ชั้น 5","งานส่งเสริมและสนับสนุนการศึกษา","SL-K7500LX","456,908","458,121","1,213 แผ่น","36 แผ่น","1,177 แผ่น","0.33","388.41","388.41","0.00","ปกติ"
"2567-11","2568","0A3HBIDH60003VE","ขาว-ดำ (เครื่องขาว-ดำ)","อาคารเรียนและปฏิบัติการรวม ชั้น 5","งานส่งเสริมและสนับสนุนการศึกษา","SL-K7500LX","456,075","456,908","833 แผ่น","25 แผ่น","808 แผ่น","0.33","266.64","266.64","0.00","ปกติ"
"2567-10","2568","85000308","ขาว-ดำ (เครื่องขาว-ดำ)","อาคารเรียนและปฏิบัติการรวม ชั้น 5","งานส่งเสริมและสนับสนุนการศึกษา","MX-M464N","287,009","287,933","924 แผ่น","28 แผ่น","896 แผ่น","0.33","295.68","295.68","0.00","ปกติ"
"2569-07","2569","07RUBJPJC00004Y","ขาว-ดำ (เครื่องสี)","อาคารเรียนและปฏิบัติการรวม ชั้น 5","งานส่งเสริมและสนับสนุนการศึกษา","SL-X4300LX","369,324","369,918","594 แผ่น","18 แผ่น","576 แผ่น","0.59","339.84","339.84","0.00","ปกติ"
"2569-07","2569","07RUBJPJC00004Y","สี (เครื่องสี)","อาคารเรียนและปฏิบัติการรวม ชั้น 5","งานส่งเสริมและสนับสนุนการศึกษา","SL-X4300LX","54,511","54,556","45 แผ่น","1 แผ่น","44 แผ่น","2.90","127.60","127.60","0.00","ปกติ"
"2569-06","2569","07RUBJPJC00004Y","ขาว-ดำ (เครื่องสี)","อาคารเรียนและปฏิบัติการรวม ชั้น 5","งานส่งเสริมและสนับสนุนการศึกษา","SL-X4300LX","368,910","369,324","414 แผ่น","12 แผ่น","402 แผ่น","0.59","237.18","237.18","0.00","ปกติ"
"2569-06","2569","07RUBJPJC00004Y","สี (เครื่องสี)","อาคารเรียนและปฏิบัติการรวม ชั้น 5","งานส่งเสริมและสนับสนุนการศึกษา","SL-X4300LX","54,410","54,511","101 แผ่น","3 แผ่น","98 แผ่น","2.90","284.20","284.20","0.00","ปกติ"
"2569-05","2569","07RUBJPJC00004Y","ขาว-ดำ (เครื่องสี)","อาคารเรียนและปฏิบัติการรวม ชั้น 5","งานส่งเสริมและสนับสนุนการศึกษา","SL-X4300LX","368,700","368,910","210 แผ่น","6 แผ่น","204 แผ่น","0.59","120.36","120.36","0.00","ปกติ"
"2569-05","2569","07RUBJPJC00004Y","สี (เครื่องสี)","อาคารเรียนและปฏิบัติการรวม ชั้น 5","งานส่งเสริมและสนับสนุนการศึกษา","SL-X4300LX","54,340","54,410","70 แผ่น","2 แผ่น","68 แผ่น","2.90","197.20","197.20","0.00","ปกติ"
"2569-04","2569","07RUBJPJC00004Y","ขาว-ดำ (เครื่องสี)","อาคารเรียนและปฏิบัติการรวม ชั้น 5","งานส่งเสริมและสนับสนุนการศึกษา","SL-X4300LX","368,453","368,700","247 แผ่น","7 แผ่น","240 แผ่น","0.59","141.60","141.60","0.00","ปกติ"
"2569-04","2569","07RUBJPJC00004Y","สี (เครื่องสี)","อาคารเรียนและปฏิบัติการรวม ชั้น 5","งานส่งเสริมและสนับสนุนการศึกษา","SL-X4300LX","54,217","54,340","123 แผ่น","4 แผ่น","119 แผ่น","2.90","345.10","345.10","0.00","ปกติ"
"2569-03","2569","07RUBJPJC00004Y","ขาว-ดำ (เครื่องสี)","อาคารเรียนและปฏิบัติการรวม ชั้น 5","งานส่งเสริมและสนับสนุนการศึกษา","SL-X4300LX","368,155","368,453","298 แผ่น","9 แผ่น","289 แผ่น","0.59","170.51","170.51","0.00","ปกติ"
"2569-03","2569","07RUBJPJC00004Y","สี (เครื่องสี)","อาคารเรียนและปฏิบัติการรวม ชั้น 5","งานส่งเสริมและสนับสนุนการศึกษา","SL-X4300LX","54,113","54,217","104 แผ่น","3 แผ่น","101 แผ่น","2.90","292.90","292.90","0.00","ปกติ"
"2569-02","2569","07RUBJPJC00004Y","ขาว-ดำ (เครื่องสี)","อาคารเรียนและปฏิบัติการรวม ชั้น 5","งานส่งเสริมและสนับสนุนการศึกษา","SL-X4300LX","367,677","368,155","478 แผ่น","14 แผ่น","464 แผ่น","0.59","273.76","273.76","0.00","ปกติ"
"2569-02","2569","07RUBJPJC00004Y","สี (เครื่องสี)","อาคารเรียนและปฏิบัติการรวม ชั้น 5","งานส่งเสริมและสนับสนุนการศึกษา","SL-X4300LX","54,031","54,113","82 แผ่น","2 แผ่น","80 แผ่น","2.90","232.00","232.00","0.00","ปกติ"
"2569-01","2569","07RUBJPJC00004Y","ขาว-ดำ (เครื่องสี)","อาคารเรียนและปฏิบัติการรวม ชั้น 5","งานส่งเสริมและสนับสนุนการศึกษา","SL-X4300LX","367,195","367,677","482 แผ่น","14 แผ่น","468 แผ่น","0.59","276.12","276.12","0.00","ปกติ"
"2569-01","2569","07RUBJPJC00004Y","สี (เครื่องสี)","อาคารเรียนและปฏิบัติการรวม ชั้น 5","งานส่งเสริมและสนับสนุนการศึกษา","SL-X4300LX","53,715","54,031","316 แผ่น","9 แผ่น","307 แผ่น","2.90","890.30","890.30","0.00","ปกติ"
"2568-12","2569","07RUBJPJC00004Y","ขาว-ดำ (เครื่องสี)","อาคารเรียนและปฏิบัติการรวม ชั้น 5","งานส่งเสริมและสนับสนุนการศึกษา","SL-X4300LX","366,829","367,195","366 แผ่น","11 แผ่น","355 แผ่น","0.59","209.45","209.45","0.00","ปกติ"
"2568-12","2569","07RUBJPJC00004Y","สี (เครื่องสี)","อาคารเรียนและปฏิบัติการรวม ชั้น 5","งานส่งเสริมและสนับสนุนการศึกษา","SL-X4300LX","53,496","53,715","219 แผ่น","7 แผ่น","212 แผ่น","2.90","614.80","614.80","0.00","ปกติ"
"2568-11","2569","07RUBJPJC00004Y","ขาว-ดำ (เครื่องสี)","อาคารเรียนและปฏิบัติการรวม ชั้น 5","งานส่งเสริมและสนับสนุนการศึกษา","SL-X4300LX","366,099","366,829","730 แผ่น","22 แผ่น","708 แผ่น","0.59","417.72","417.72","0.00","ปกติ"
"2568-11","2569","07RUBJPJC00004Y","สี (เครื่องสี)","อาคารเรียนและปฏิบัติการรวม ชั้น 5","งานส่งเสริมและสนับสนุนการศึกษา","SL-X4300LX","53,355","53,496","141 แผ่น","4 แผ่น","137 แผ่น","2.90","397.30","397.30","0.00","ปกติ"
"2568-10","2569","07RUBJPJC00004Y","ขาว-ดำ (เครื่องสี)","อาคารเรียนและปฏิบัติการรวม ชั้น 5","งานส่งเสริมและสนับสนุนการศึกษา","SL-X4300LX","365,625","366,099","474 แผ่น","14 แผ่น","460 แผ่น","0.59","271.40","271.40","0.00","ปกติ"
"2568-10","2569","07RUBJPJC00004Y","สี (เครื่องสี)","อาคารเรียนและปฏิบัติการรวม ชั้น 5","งานส่งเสริมและสนับสนุนการศึกษา","SL-X4300LX","53,230","53,355","125 แผ่น","4 แผ่น","121 แผ่น","2.90","350.90","350.90","0.00","ปกติ"
"2568-10","2569","0A3HBIDH60003VE","ขาว-ดำ (เครื่องขาว-ดำ)","อาคารเรียนและปฏิบัติการรวม ชั้น 5","งานส่งเสริมและสนับสนุนการศึกษา","SL-K7500LX","464,131","464,164","33 แผ่น","1 แผ่น","32 แผ่น","0.33","10.56","10.56","0.00","ปกติ"
"2568-09","2568","07RUBJMK10001BW","ขาว-ดำ (เครื่องสี)","อาคารเรียนและปฏิบัติการรวม ชั้น 10","สำนักงานคณบดี","SL-X4300LX","154,812","156,296","1,484 แผ่น","45 แผ่น","1,439 แผ่น","0.59","849.01","849.01","0.00","ปกติ"
"2568-09","2568","07RUBJMK10001BW","สี (เครื่องสี)","อาคารเรียนและปฏิบัติการรวม ชั้น 10","สำนักงานคณบดี","SL-X4300LX","22,277","23,287","1,010 แผ่น","30 แผ่น","980 แผ่น","2.90","2,842.00","2,842.00","0.00","ปกติ"
"2568-08","2568","07RUBJMK10001BW","ขาว-ดำ (เครื่องสี)","อาคารเรียนและปฏิบัติการรวม ชั้น 10","สำนักงานคณบดี","SL-X4300LX","154,710","154,812","102 แผ่น","3 แผ่น","99 แผ่น","0.59","58.41","58.41","0.00","ปกติ"
"2568-08","2568","07RUBJMK10001BW","สี (เครื่องสี)","อาคารเรียนและปฏิบัติการรวม ชั้น 10","สำนักงานคณบดี","SL-X4300LX","22,131","22,277","146 แผ่น","4 แผ่น","142 แผ่น","2.90","411.80","411.80","0.00","ปกติ"
"2568-07","2568","07RUBJMK10001BW","ขาว-ดำ (เครื่องสี)","อาคารเรียนและปฏิบัติการรวม ชั้น 10","สำนักงานคณบดี","SL-X4300LX","154,218","154,710","492 แผ่น","15 แผ่น","477 แผ่น","0.59","281.43","281.43","0.00","ปกติ"
"2568-07","2568","07RUBJMK10001BW","สี (เครื่องสี)","อาคารเรียนและปฏิบัติการรวม ชั้น 10","สำนักงานคณบดี","SL-X4300LX","21,373","22,131","758 แผ่น","23 แผ่น","735 แผ่น","2.90","2,131.50","2,131.50","0.00","ปกติ"
"2568-06","2568","07RUBJMK10001BW","ขาว-ดำ (เครื่องสี)","อาคารเรียนและปฏิบัติการรวม ชั้น 10","สำนักงานคณบดี","SL-X4300LX","153,663","154,218","555 แผ่น","17 แผ่น","538 แผ่น","0.59","317.42","317.42","0.00","ปกติ"
"2568-06","2568","07RUBJMK10001BW","สี (เครื่องสี)","อาคารเรียนและปฏิบัติการรวม ชั้น 10","สำนักงานคณบดี","SL-X4300LX","19,900","21,373","1,473 แผ่น","44 แผ่น","1,429 แผ่น","2.90","4,144.10","4,144.10","0.00","ปกติ"
"2568-05","2568","07RUBJMK10001BW","ขาว-ดำ (เครื่องสี)","อาคารเรียนและปฏิบัติการรวม ชั้น 10","สำนักงานคณบดี","SL-X4300LX","153,604","153,663","59 แผ่น","2 แผ่น","57 แผ่น","0.59","33.63","33.63","0.00","ปกติ"
"2568-05","2568","07RUBJMK10001BW","สี (เครื่องสี)","อาคารเรียนและปฏิบัติการรวม ชั้น 10","สำนักงานคณบดี","SL-X4300LX","19,674","19,900","226 แผ่น","7 แผ่น","219 แผ่น","2.90","635.10","635.10","0.00","ปกติ"
"2568-04","2568","07RUBJMK10001BW","ขาว-ดำ (เครื่องสี)","อาคารเรียนและปฏิบัติการรวม ชั้น 10","สำนักงานคณบดี","SL-X4300LX","153,340","153,604","264 แผ่น","8 แผ่น","256 แผ่น","0.59","151.04","151.04","0.00","ปกติ"
"2568-04","2568","07RUBJMK10001BW","สี (เครื่องสี)","อาคารเรียนและปฏิบัติการรวม ชั้น 10","สำนักงานคณบดี","SL-X4300LX","19,384","19,674","290 แผ่น","9 แผ่น","281 แผ่น","2.90","814.90","814.90","0.00","ปกติ"
"2568-03","2568","07RUBJMK10001BW","ขาว-ดำ (เครื่องสี)","อาคารเรียนและปฏิบัติการรวม ชั้น 10","สำนักงานคณบดี","SL-X4300LX","153,036","153,340","304 แผ่น","9 แผ่น","295 แผ่น","0.59","174.05","174.05","0.00","ปกติ"
"2568-03","2568","07RUBJMK10001BW","สี (เครื่องสี)","อาคารเรียนและปฏิบัติการรวม ชั้น 10","สำนักงานคณบดี","SL-X4300LX","18,422","19,384","962 แผ่น","29 แผ่น","933 แผ่น","2.90","2,705.70","2,705.70","0.00","ปกติ"
"2568-02","2568","07RUBJMK10001BW","ขาว-ดำ (เครื่องสี)","อาคารเรียนและปฏิบัติการรวม ชั้น 10","สำนักงานคณบดี","SL-X4300LX","152,735","153,036","301 แผ่น","9 แผ่น","292 แผ่น","0.59","172.28","172.28","0.00","ปกติ"
"2568-02","2568","07RUBJMK10001BW","สี (เครื่องสี)","อาคารเรียนและปฏิบัติการรวม ชั้น 10","สำนักงานคณบดี","SL-X4300LX","18,093","18,422","329 แผ่น","10 แผ่น","319 แผ่น","2.90","925.10","925.10","0.00","ปกติ"
"2568-01","2568","07RUBJMK10001BW","ขาว-ดำ (เครื่องสี)","อาคารเรียนและปฏิบัติการรวม ชั้น 10","สำนักงานคณบดี","SL-X4300LX","152,287","152,735","448 แผ่น","13 แผ่น","435 แผ่น","0.59","256.65","256.65","0.00","ปกติ"
"2568-01","2568","07RUBJMK10001BW","สี (เครื่องสี)","อาคารเรียนและปฏิบัติการรวม ชั้น 10","สำนักงานคณบดี","SL-X4300LX","17,788","18,093","305 แผ่น","9 แผ่น","296 แผ่น","2.90","858.40","858.40","0.00","ปกติ"
"2567-12","2568","07RUBJMK10001BW","ขาว-ดำ (เครื่องสี)","อาคารเรียนและปฏิบัติการรวม ชั้น 10","สำนักงานคณบดี","SL-X4300LX","152,101","152,287","186 แผ่น","6 แผ่น","180 แผ่น","0.59","106.20","106.20","0.00","ปกติ"
"2567-12","2568","07RUBJMK10001BW","สี (เครื่องสี)","อาคารเรียนและปฏิบัติการรวม ชั้น 10","สำนักงานคณบดี","SL-X4300LX","17,626","17,788","162 แผ่น","5 แผ่น","157 แผ่น","2.90","455.30","455.30","0.00","ปกติ"
"2567-11","2568","07RUBJMK10001BW","ขาว-ดำ (เครื่องสี)","อาคารเรียนและปฏิบัติการรวม ชั้น 10","สำนักงานคณบดี","SL-X4300LX","151,342","152,101","759 แผ่น","23 แผ่น","736 แผ่น","0.59","434.24","434.24","0.00","ปกติ"
"2567-11","2568","07RUBJMK10001BW","สี (เครื่องสี)","อาคารเรียนและปฏิบัติการรวม ชั้น 10","สำนักงานคณบดี","SL-X4300LX","16,374","17,626","1,252 แผ่น","38 แผ่น","1,214 แผ่น","2.90","3,520.60","3,520.60","0.00","ปกติ"
"2567-10","2568","D700015H","ขาว-ดำ (เครื่องสี)","อาคารเรียนและปฏิบัติการรวม ชั้น 10","สำนักงานคณบดี","CLX-9301NA","123,453","124,258","805 แผ่น","24 แผ่น","781 แผ่น","0.59","460.79","460.79","0.00","ปกติ"
"2567-10","2568","D700015H","สี (เครื่องสี)","อาคารเรียนและปฏิบัติการรวม ชั้น 10","สำนักงานคณบดี","CLX-9301NA","41,552","42,245","693 แผ่น","21 แผ่น","672 แผ่น","2.90","1,948.80","1,948.80","0.00","ปกติ"
"2569-07","2569","07RUBJMK10001BW","ขาว-ดำ (เครื่องสี)","อาคารเรียนและปฏิบัติการรวม ชั้น 10","สำนักงานคณบดี","SL-X4300LX","156,360","156,361","1 แผ่น","0 แผ่น","1 แผ่น","0.59","0.59","0.59","0.00","ปกติ"
"2569-07","2569","07RUBJMK10001BW","สี (เครื่องสี)","อาคารเรียนและปฏิบัติการรวม ชั้น 10","สำนักงานคณบดี","SL-X4300LX","23,329","23,334","5 แผ่น","0 แผ่น","5 แผ่น","2.90","14.50","14.50","0.00","ปกติ"
"2569-06","2569","07RUBJMK10001BW","ขาว-ดำ (เครื่องสี)","อาคารเรียนและปฏิบัติการรวม ชั้น 10","สำนักงานคณบดี","SL-X4300LX","156,357","156,360","3 แผ่น","0 แผ่น","3 แผ่น","0.59","1.77","1.77","0.00","ปกติ"
"2569-06","2569","07RUBJMK10001BW","สี (เครื่องสี)","อาคารเรียนและปฏิบัติการรวม ชั้น 10","สำนักงานคณบดี","SL-X4300LX","23,329","23,329","0 แผ่น","0 แผ่น","0 แผ่น","2.90","0.00","0.00","0.00","ไม่มีการใช้"
"2569-05","2569","07RUBJMK10001BW","ขาว-ดำ (เครื่องสี)","อาคารเรียนและปฏิบัติการรวม ชั้น 10","สำนักงานคณบดี","SL-X4300LX","156,329","156,357","28 แผ่น","1 แผ่น","27 แผ่น","0.59","15.93","15.93","0.00","ปกติ"
"2569-05","2569","07RUBJMK10001BW","สี (เครื่องสี)","อาคารเรียนและปฏิบัติการรวม ชั้น 10","สำนักงานคณบดี","SL-X4300LX","23,329","23,329","0 แผ่น","0 แผ่น","0 แผ่น","2.90","0.00","0.00","0.00","ไม่มีการใช้"
"2569-04","2569","07RUBJMK10001BW","ขาว-ดำ (เครื่องสี)","อาคารเรียนและปฏิบัติการรวม ชั้น 10","สำนักงานคณบดี","SL-X4300LX","156,326","156,329","3 แผ่น","0 แผ่น","3 แผ่น","0.59","1.77","1.77","0.00","ปกติ"
"2569-04","2569","07RUBJMK10001BW","สี (เครื่องสี)","อาคารเรียนและปฏิบัติการรวม ชั้น 10","สำนักงานคณบดี","SL-X4300LX","23,328","23,329","1 แผ่น","0 แผ่น","1 แผ่น","2.90","2.90","2.90","0.00","ปกติ"
"2569-03","2569","07RUBJMK10001BW","ขาว-ดำ (เครื่องสี)","อาคารเรียนและปฏิบัติการรวม ชั้น 10","สำนักงานคณบดี","SL-X4300LX","156,317","156,326","9 แผ่น","0 แผ่น","9 แผ่น","0.59","5.31","5.31","0.00","ปกติ"
"2569-03","2569","07RUBJMK10001BW","สี (เครื่องสี)","อาคารเรียนและปฏิบัติการรวม ชั้น 10","สำนักงานคณบดี","SL-X4300LX","23,328","23,328","0 แผ่น","0 แผ่น","0 แผ่น","2.90","0.00","0.00","0.00","ไม่มีการใช้"
"2569-02","2569","07RUBJMK10001BW","ขาว-ดำ (เครื่องสี)","อาคารเรียนและปฏิบัติการรวม ชั้น 10","สำนักงานคณบดี","SL-X4300LX","156,317","156,317","0 แผ่น","0 แผ่น","0 แผ่น","0.59","0.00","0.00","0.00","ไม่มีการใช้"
"2569-02","2569","07RUBJMK10001BW","สี (เครื่องสี)","อาคารเรียนและปฏิบัติการรวม ชั้น 10","สำนักงานคณบดี","SL-X4300LX","23,328","23,328","0 แผ่น","0 แผ่น","0 แผ่น","2.90","0.00","0.00","0.00","ไม่มีการใช้"
"2569-01","2569","07RUBJMK10001BW","ขาว-ดำ (เครื่องสี)","อาคารเรียนและปฏิบัติการรวม ชั้น 10","สำนักงานคณบดี","SL-X4300LX","156,314","156,317","3 แผ่น","0 แผ่น","3 แผ่น","0.59","1.77","1.77","0.00","ปกติ"
"2569-01","2569","07RUBJMK10001BW","สี (เครื่องสี)","อาคารเรียนและปฏิบัติการรวม ชั้น 10","สำนักงานคณบดี","SL-X4300LX","23,327","23,328","1 แผ่น","0 แผ่น","1 แผ่น","2.90","2.90","2.90","0.00","ปกติ"
"2568-12","2569","07RUBJMK10001BW","ขาว-ดำ (เครื่องสี)","อาคารเรียนและปฏิบัติการรวม ชั้น 10","สำนักงานคณบดี","SL-X4300LX","156,314","156,314","0 แผ่น","0 แผ่น","0 แผ่น","0.59","0.00","0.00","0.00","ไม่มีการใช้"
"2568-12","2569","07RUBJMK10001BW","สี (เครื่องสี)","อาคารเรียนและปฏิบัติการรวม ชั้น 10","สำนักงานคณบดี","SL-X4300LX","23,327","23,327","0 แผ่น","0 แผ่น","0 แผ่น","2.90","0.00","0.00","0.00","ไม่มีการใช้"
"2568-11","2569","07RUBJMK10001BW","ขาว-ดำ (เครื่องสี)","อาคารเรียนและปฏิบัติการรวม ชั้น 10","สำนักงานคณบดี","SL-X4300LX","156,311","156,314","3 แผ่น","0 แผ่น","3 แผ่น","0.59","1.77","1.77","0.00","ปกติ"
"2568-11","2569","07RUBJMK10001BW","สี (เครื่องสี)","อาคารเรียนและปฏิบัติการรวม ชั้น 10","สำนักงานคณบดี","SL-X4300LX","23,324","23,327","3 แผ่น","0 แผ่น","3 แผ่น","2.90","8.70","8.70","0.00","ปกติ"
"2568-10","2569","07RUBJMK10001BW","ขาว-ดำ (เครื่องสี)","อาคารเรียนและปฏิบัติการรวม ชั้น 10","สำนักงานคณบดี","SL-X4300LX","156,296","156,311","15 แผ่น","0 แผ่น","15 แผ่น","0.59","8.85","8.85","0.00","ปกติ"
"2568-10","2569","07RUBJMK10001BW","สี (เครื่องสี)","อาคารเรียนและปฏิบัติการรวม ชั้น 10","สำนักงานคณบดี","SL-X4300LX","23,287","23,324","37 แผ่น","1 แผ่น","36 แผ่น","2.90","104.40","104.40","0.00","ปกติ"
"2568-09","2568","07RRB1BG900000GR","ขาว-ดำ (เครื่องสี)","อาคารเรียนและปฏิบัติการรวม ชั้น 10","สำนักงานเลขานุการวิทยาลัยฯ","SL-X4300LX","402,513","404,996","2,483 แผ่น","74 แผ่น","2,409 แผ่น","0.59","1,421.31","1,421.31","0.00","ปกติ"
"2568-09","2568","07RRB1BG900000GR","สี (เครื่องสี)","อาคารเรียนและปฏิบัติการรวม ชั้น 10","สำนักงานเลขานุการวิทยาลัยฯ","SL-X4300LX","160,634","165,645","5,011 แผ่น","150 แผ่น","4,861 แผ่น","2.90","14,096.90","14,096.90","0.00","ปกติ"
"2568-08","2568","07RRB1BG900000GR","ขาว-ดำ (เครื่องสี)","อาคารเรียนและปฏิบัติการรวม ชั้น 10","สำนักงานเลขานุการวิทยาลัยฯ","SL-X4300LX","402,350","402,513","163 แผ่น","5 แผ่น","158 แผ่น","0.59","93.22","93.22","0.00","ปกติ"
"2568-08","2568","07RRB1BG900000GR","สี (เครื่องสี)","อาคารเรียนและปฏิบัติการรวม ชั้น 10","สำนักงานเลขานุการวิทยาลัยฯ","SL-X4300LX","159,755","160,634","879 แผ่น","26 แผ่น","853 แผ่น","2.90","2,473.70","2,473.70","0.00","ปกติ"
"2568-07","2568","07RRB1BG900000GR","ขาว-ดำ (เครื่องสี)","อาคารเรียนและปฏิบัติการรวม ชั้น 10","สำนักงานเลขานุการวิทยาลัยฯ","SL-X4300LX","401,879","402,350","471 แผ่น","14 แผ่น","457 แผ่น","0.59","269.63","269.63","0.00","ปกติ"
"2568-07","2568","07RRB1BG900000GR","สี (เครื่องสี)","อาคารเรียนและปฏิบัติการรวม ชั้น 10","สำนักงานเลขานุการวิทยาลัยฯ","SL-X4300LX","155,205","159,755","4,550 แผ่น","137 แผ่น","4,414 แผ่น","2.90","12,800.60","12,800.60","0.00","ปกติ"
"2568-06","2568","07RRB1BG900000GR","ขาว-ดำ (เครื่องสี)","อาคารเรียนและปฏิบัติการรวม ชั้น 10","สำนักงานเลขานุการวิทยาลัยฯ","SL-X4300LX","401,158","401,879","721 แผ่น","22 แผ่น","699 แผ่น","0.59","412.41","412.41","0.00","ปกติ"
"2568-06","2568","07RRB1BG900000GR","สี (เครื่องสี)","อาคารเรียนและปฏิบัติการรวม ชั้น 10","สำนักงานเลขานุการวิทยาลัยฯ","SL-X4300LX","153,364","155,205","1,841 แผ่น","55 แผ่น","1,786 แผ่น","2.90","5,179.40","5,179.40","0.00","ปกติ"
"2568-05","2568","07RRB1BG900000GR","ขาว-ดำ (เครื่องสี)","อาคารเรียนและปฏิบัติการรวม ชั้น 10","สำนักงานเลขานุการวิทยาลัยฯ","SL-X4300LX","400,901","401,158","257 แผ่น","8 แผ่น","249 แผ่น","0.59","146.91","146.91","0.00","ปกติ"
"2568-05","2568","07RRB1BG900000GR","สี (เครื่องสี)","อาคารเรียนและปฏิบัติการรวม ชั้น 10","สำนักงานเลขานุการวิทยาลัยฯ","SL-X4300LX","152,455","153,364","909 แผ่น","27 แผ่น","882 แผ่น","2.90","2,557.80","2,557.80","0.00","ปกติ"
"2568-04","2568","07RRB1BG900000GR","ขาว-ดำ (เครื่องสี)","อาคารเรียนและปฏิบัติการรวม ชั้น 10","สำนักงานเลขานุการวิทยาลัยฯ","SL-X4300LX","400,463","400,901","438 แผ่น","13 แผ่น","425 แผ่น","0.59","250.75","250.75","0.00","ปกติ"
"2568-04","2568","07RRB1BG900000GR","สี (เครื่องสี)","อาคารเรียนและปฏิบัติการรวม ชั้น 10","สำนักงานเลขานุการวิทยาลัยฯ","SL-X4300LX","150,376","152,455","2,079 แผ่น","62 แผ่น","2,017 แผ่น","2.90","5,849.30","5,849.30","0.00","ปกติ"
"2568-03","2568","07RRB1BG900000GR","ขาว-ดำ (เครื่องสี)","อาคารเรียนและปฏิบัติการรวม ชั้น 10","สำนักงานเลขานุการวิทยาลัยฯ","SL-X4300LX","400,160","400,463","303 แผ่น","9 แผ่น","294 แผ่น","0.59","173.46","173.46","0.00","ปกติ"
"2568-03","2568","07RRB1BG900000GR","สี (เครื่องสี)","อาคารเรียนและปฏิบัติการรวม ชั้น 10","สำนักงานเลขานุการวิทยาลัยฯ","SL-X4300LX","148,372","150,376","2,004 แผ่น","60 แผ่น","1,944 แผ่น","2.90","5,637.60","5,637.60","0.00","ปกติ"
"2568-02","2568","07RRB1BG900000GR","ขาว-ดำ (เครื่องสี)","อาคารเรียนและปฏิบัติการรวม ชั้น 10","สำนักงานเลขานุการวิทยาลัยฯ","SL-X4300LX","399,940","400,160","220 แผ่น","7 แผ่น","213 แผ่น","0.59","125.67","125.67","0.00","ปกติ"
"2568-02","2568","07RRB1BG900000GR","สี (เครื่องสี)","อาคารเรียนและปฏิบัติการรวม ชั้น 10","สำนักงานเลขานุการวิทยาลัยฯ","SL-X4300LX","147,171","148,372","1,201 แผ่น","36 แผ่น","1,165 แผ่น","2.90","3,378.50","3,378.50","0.00","ปกติ"
"2568-01","2568","07RRB1BG900000GR","ขาว-ดำ (เครื่องสี)","อาคารเรียนและปฏิบัติการรวม ชั้น 10","สำนักงานเลขานุการวิทยาลัยฯ","SL-X4300LX","399,478","399,940","462 แผ่น","14 แผ่น","448 แผ่น","0.59","264.32","264.32","0.00","ปกติ"
"2568-01","2568","07RRB1BG900000GR","สี (เครื่องสี)","อาคารเรียนและปฏิบัติการรวม ชั้น 10","สำนักงานเลขานุการวิทยาลัยฯ","SL-X4300LX","145,290","147,171","1,881 แผ่น","56 แผ่น","1,825 แผ่น","2.90","5,292.50","5,292.50","0.00","ปกติ"
"2567-12","2568","07RRB1BG900000GR","ขาว-ดำ (เครื่องสี)","อาคารเรียนและปฏิบัติการรวม ชั้น 10","สำนักงานเลขานุการวิทยาลัยฯ","SL-X4300LX","399,178","399,478","300 แผ่น","9 แผ่น","291 แผ่น","0.59","171.69","171.69","0.00","ปกติ"
"2567-12","2568","07RRB1BG900000GR","สี (เครื่องสี)","อาคารเรียนและปฏิบัติการรวม ชั้น 10","สำนักงานเลขานุการวิทยาลัยฯ","SL-X4300LX","144,283","145,290","1,007 แผ่น","30 แผ่น","977 แผ่น","2.90","2,833.30","2,833.30","0.00","ปกติ"
"2567-11","2568","07RRB1BG900000GR","ขาว-ดำ (เครื่องสี)","อาคารเรียนและปฏิบัติการรวม ชั้น 10","สำนักงานเลขานุการวิทยาลัยฯ","SL-X4300LX","398,672","399,178","506 แผ่น","15 แผ่น","491 แผ่น","0.59","289.69","289.69","0.00","ปกติ"
"2567-11","2568","07RRB1BG900000GR","สี (เครื่องสี)","อาคารเรียนและปฏิบัติการรวม ชั้น 10","สำนักงานเลขานุการวิทยาลัยฯ","SL-X4300LX","142,212","144,283","2,071 แผ่น","62 แผ่น","2,009 แผ่น","2.90","5,826.10","5,826.10","0.00","ปกติ"
"2569-07","2569","07RRB1BG900000GR","ขาว-ดำ (เครื่องสี)","อาคารเรียนและปฏิบัติการรวม ชั้น 10","สำนักงานเลขานุการวิทยาลัยฯ","SL-X4300LX","407,841","409,532","1,691 แผ่น","51 แผ่น","1,640 แผ่น","0.59","967.60","967.60","0.00","ปกติ"
"2569-07","2569","07RRB1BG900000GR","สี (เครื่องสี)","อาคารเรียนและปฏิบัติการรวม ชั้น 10","สำนักงานเลขานุการวิทยาลัยฯ","SL-X4300LX","179,530","183,105","3,575 แผ่น","107 แผ่น","3,468 แผ่น","2.90","10,057.20","10,057.20","0.00","ปกติ"
"2569-06","2569","07RRB1BG900000GR","ขาว-ดำ (เครื่องสี)","อาคารเรียนและปฏิบัติการรวม ชั้น 10","สำนักงานเลขานุการวิทยาลัยฯ","SL-X4300LX","407,523","407,841","318 แผ่น","10 แผ่น","308 แผ่น","0.59","181.72","181.72","0.00","ปกติ"
"2569-06","2569","07RRB1BG900000GR","สี (เครื่องสี)","อาคารเรียนและปฏิบัติการรวม ชั้น 10","สำนักงานเลขานุการวิทยาลัยฯ","SL-X4300LX","177,836","179,530","1,694 แผ่น","51 แผ่น","1,643 แผ่น","2.90","4,764.70","4,764.70","0.00","ปกติ"
"2569-05","2569","07RRB1BG900000GR","ขาว-ดำ (เครื่องสี)","อาคารเรียนและปฏิบัติการรวม ชั้น 10","สำนักงานเลขานุการวิทยาลัยฯ","SL-X4300LX","407,411","407,523","112 แผ่น","3 แผ่น","109 แผ่น","0.59","64.31","64.31","0.00","ปกติ"
"2569-05","2569","07RRB1BG900000GR","สี (เครื่องสี)","อาคารเรียนและปฏิบัติการรวม ชั้น 10","สำนักงานเลขานุการวิทยาลัยฯ","SL-X4300LX","176,461","177,836","1,375 แผ่น","41 แผ่น","1,334 แผ่น","2.90","3,868.60","3,868.60","0.00","ปกติ"
"2569-04","2569","07RRB1BG900000GR","ขาว-ดำ (เครื่องสี)","อาคารเรียนและปฏิบัติการรวม ชั้น 10","สำนักงานเลขานุการวิทยาลัยฯ","SL-X4300LX","407,080","407,411","331 แผ่น","10 แผ่น","321 แผ่น","0.59","189.39","189.39","0.00","ปกติ"
"2569-04","2569","07RRB1BG900000GR","สี (เครื่องสี)","อาคารเรียนและปฏิบัติการรวม ชั้น 10","สำนักงานเลขานุการวิทยาลัยฯ","SL-X4300LX","175,036","176,461","1,425 แผ่น","43 แผ่น","1,382 แผ่น","2.90","4,007.80","4,007.80","0.00","ปกติ"
"2569-03","2569","07RRB1BG900000GR","ขาว-ดำ (เครื่องสี)","อาคารเรียนและปฏิบัติการรวม ชั้น 10","สำนักงานเลขานุการวิทยาลัยฯ","SL-X4300LX","406,672","407,080","408 แผ่น","12 แผ่น","396 แผ่น","0.59","233.64","233.64","0.00","ปกติ"
"2569-03","2569","07RRB1BG900000GR","สี (เครื่องสี)","อาคารเรียนและปฏิบัติการรวม ชั้น 10","สำนักงานเลขานุการวิทยาลัยฯ","SL-X4300LX","173,830","175,036","1,206 แผ่น","36 แผ่น","1,170 แผ่น","2.90","3,393.00","3,393.00","0.00","ปกติ"
"2569-02","2569","07RRB1BG900000GR","ขาว-ดำ (เครื่องสี)","อาคารเรียนและปฏิบัติการรวม ชั้น 10","สำนักงานเลขานุการวิทยาลัยฯ","SL-X4300LX","406,583","406,672","89 แผ่น","3 แผ่น","86 แผ่น","0.59","50.74","50.74","0.00","ปกติ"
"2569-02","2569","07RRB1BG900000GR","สี (เครื่องสี)","อาคารเรียนและปฏิบัติการรวม ชั้น 10","สำนักงานเลขานุการวิทยาลัยฯ","SL-X4300LX","172,500","173,830","1,330 แผ่น","40 แผ่น","1,290 แผ่น","2.90","3,741.00","3,741.00","0.00","ปกติ"
"2569-01","2569","07RRB1BG900000GR","ขาว-ดำ (เครื่องสี)","อาคารเรียนและปฏิบัติการรวม ชั้น 10","สำนักงานเลขานุการวิทยาลัยฯ","SL-X4300LX","406,130","406,583","453 แผ่น","14 แผ่น","439 แผ่น","0.59","259.01","259.01","0.00","ปกติ"
"2569-01","2569","07RRB1BG900000GR","สี (เครื่องสี)","อาคารเรียนและปฏิบัติการรวม ชั้น 10","สำนักงานเลขานุการวิทยาลัยฯ","SL-X4300LX","170,547","172,500","1,953 แผ่น","59 แผ่น","1,894 แผ่น","2.90","5,492.60","5,492.60","0.00","ปกติ"
"2568-12","2569","07RRB1BG900000GR","ขาว-ดำ (เครื่องสี)","อาคารเรียนและปฏิบัติการรวม ชั้น 10","สำนักงานเลขานุการวิทยาลัยฯ","SL-X4300LX","405,633","406,130","497 แผ่น","15 แผ่น","482 แผ่น","0.59","284.38","284.38","0.00","ปกติ"
"2568-12","2569","07RRB1BG900000GR","สี (เครื่องสี)","อาคารเรียนและปฏิบัติการรวม ชั้น 10","สำนักงานเลขานุการวิทยาลัยฯ","SL-X4300LX","168,828","170,547","1,719 แผ่น","52 แผ่น","1,667 แผ่น","2.90","4,834.30","4,834.30","0.00","ปกติ"
"2568-11","2569","07RRB1BG900000GR","ขาว-ดำ (เครื่องสี)","อาคารเรียนและปฏิบัติการรวม ชั้น 10","สำนักงานเลขานุการวิทยาลัยฯ","SL-X4300LX","405,263","405,633","370 แผ่น","11 แผ่น","359 แผ่น","0.59","211.81","211.81","0.00","ปกติ"
"2568-11","2569","07RRB1BG900000GR","สี (เครื่องสี)","อาคารเรียนและปฏิบัติการรวม ชั้น 10","สำนักงานเลขานุการวิทยาลัยฯ","SL-X4300LX","166,792","168,828","2,036 แผ่น","61 แผ่น","1,975 แผ่น","2.90","5,727.50","5,727.50","0.00","ปกติ"
"2568-10","2569","07RRB1BG900000GR","ขาว-ดำ (เครื่องสี)","อาคารเรียนและปฏิบัติการรวม ชั้น 10","สำนักงานเลขานุการวิทยาลัยฯ","SL-X4300LX","404,996","405,263","267 แผ่น","8 แผ่น","259 แผ่น","0.59","152.81","152.81","0.00","ปกติ"
"2568-10","2569","07RRB1BG900000GR","สี (เครื่องสี)","อาคารเรียนและปฏิบัติการรวม ชั้น 10","สำนักงานเลขานุการวิทยาลัยฯ","SL-X4300LX","165,645","166,792","1,147 แผ่น","34 แผ่น","1,113 แผ่น","2.90","3,227.70","3,227.70","0.00","ปกติ"
"2568-09","2568","0A3HBJNJBOOONL","ขาว-ดำ (เครื่องขาว-ดำ)","อาคารปิยชาติ ชั้น 2","สำนักวิชาการแพทย์บูรณาการ","SL-K7500LX","518,087","519,586","1,499 แผ่น","45 แผ่น","1,454 แผ่น","0.33","479.82","479.82","0.00","ปกติ"
"2568-08","2568","0A3HBJNJBOOONL","ขาว-ดำ (เครื่องขาว-ดำ)","อาคารปิยชาติ ชั้น 2","สำนักวิชาการแพทย์บูรณาการ","SL-K7500LX","516,234","518,087","1,853 แผ่น","56 แผ่น","1,797 แผ่น","0.33","593.01","593.01","0.00","ปกติ"
"2568-07","2568","0A3HBJNJBOOONL","ขาว-ดำ (เครื่องขาว-ดำ)","อาคารปิยชาติ ชั้น 2","สำนักวิชาการแพทย์บูรณาการ","SL-K7500LX","514,771","516,234","1,463 แผ่น","44 แผ่น","1,419 แผ่น","0.33","468.27","468.27","0.00","ปกติ"
"2568-06","2568","0A3HBJNJBOOONL","ขาว-ดำ (เครื่องขาว-ดำ)","อาคารปิยชาติ ชั้น 2","สำนักวิชาการแพทย์บูรณาการ","SL-K7500LX","513,793","514,771","978 แผ่น","29 แผ่น","949 แผ่น","0.33","313.17","313.17","0.00","ปกติ"
"2568-05","2568","0A3HBJNJBOOONL","ขาว-ดำ (เครื่องขาว-ดำ)","อาคารปิยชาติ ชั้น 2","สำนักวิชาการแพทย์บูรณาการ","SL-K7500LX","512,950","513,793","843 แผ่น","25 แผ่น","818 แผ่น","0.33","269.94","269.94","0.00","ปกติ"
"2568-04","2568","0A3HBJNJBOOONL","ขาว-ดำ (เครื่องขาว-ดำ)","อาคารปิยชาติ ชั้น 2","สำนักวิชาการแพทย์บูรณาการ","SL-K7500LX","511,766","512,950","1,184 แผ่น","36 แผ่น","1,148 แผ่น","0.33","378.84","378.84","0.00","ปกติ"
"2568-03","2568","0A3HBJNJBOOONL","ขาว-ดำ (เครื่องขาว-ดำ)","อาคารปิยชาติ ชั้น 2","สำนักวิชาการแพทย์บูรณาการ","SL-K7500LX","509,421","511,766","2,345 แผ่น","70 แผ่น","2,275 แผ่น","0.33","750.75","750.75","0.00","ปกติ"
"2568-02","2568","0A3HBJNJBOOONL","ขาว-ดำ (เครื่องขาว-ดำ)","อาคารปิยชาติ ชั้น 2","สำนักวิชาการแพทย์บูรณาการ","SL-K7500LX","508,295","509,421","1,126 แผ่น","34 แผ่น","1,092 แผ่น","0.33","360.36","360.36","0.00","ปกติ"
"2568-01","2568","0A3HBJNJBOOONL","ขาว-ดำ (เครื่องขาว-ดำ)","อาคารปิยชาติ ชั้น 2","สำนักวิชาการแพทย์บูรณาการ","SL-K7500LX","506,917","508,295","1,378 แผ่น","41 แผ่น","1,337 แผ่น","0.33","441.21","441.21","0.00","ปกติ"
"2567-12","2568","0A3HBJNJBOOONL","ขาว-ดำ (เครื่องขาว-ดำ)","อาคารปิยชาติ ชั้น 2","สำนักวิชาการแพทย์บูรณาการ","SL-K7500LX","506,032","506,917","885 แผ่น","27 แผ่น","858 แผ่น","0.33","283.14","283.14","0.00","ปกติ"
"2567-11","2568","0A3HBJNJBOOONL","ขาว-ดำ (เครื่องขาว-ดำ)","อาคารปิยชาติ ชั้น 2","สำนักวิชาการแพทย์บูรณาการ","SL-K7500LX","504,329","506,032","1,703 แผ่น","51 แผ่น","1,652 แผ่น","0.33","545.16","545.16","0.00","ปกติ"
"2567-10","2568","85001467","ขาว-ดำ (เครื่องขาว-ดำ)","อาคารปิยชาติ ชั้น 2","สำนักวิชาการแพทย์บูรณาการ","MX-M464N","288,463","289,927","1,464 แผ่น","44 แผ่น","1,420 แผ่น","0.33","468.60","468.60","0.00","ปกติ"
"2569-07","2569","0A3HBJNJBOOONL","ขาว-ดำ (เครื่องขาว-ดำ)","อาคารปิยชาติ ชั้น 2","สำนักวิชาการแพทย์บูรณาการ","SL-K7500LX","529,181","529,181","0 แผ่น","0 แผ่น","0 แผ่น","0.33","0.00","0.00","0.00","ไม่มีการใช้"
"2569-06","2569","0A3HBJNJBOOONL","ขาว-ดำ (เครื่องขาว-ดำ)","อาคารปิยชาติ ชั้น 2","สำนักวิชาการแพทย์บูรณาการ","SL-K7500LX","527,423","529,181","1,758 แผ่น","53 แผ่น","1,705 แผ่น","0.33","562.65","562.65","0.00","ปกติ"
"2569-05","2569","0A3HBJNJBOOONL","ขาว-ดำ (เครื่องขาว-ดำ)","อาคารปิยชาติ ชั้น 2","สำนักวิชาการแพทย์บูรณาการ","SL-K7500LX","526,727","527,423","696 แผ่น","21 แผ่น","675 แผ่น","0.33","222.75","222.75","0.00","ปกติ"
"2569-04","2569","0A3HBJNJBOOONL","ขาว-ดำ (เครื่องขาว-ดำ)","อาคารปิยชาติ ชั้น 2","สำนักวิชาการแพทย์บูรณาการ","SL-K7500LX","526,272","526,727","455 แผ่น","14 แผ่น","441 แผ่น","0.33","145.53","145.53","0.00","ปกติ"
"2569-03","2569","0A3HBJNJBOOONL","ขาว-ดำ (เครื่องขาว-ดำ)","อาคารปิยชาติ ชั้น 2","สำนักวิชาการแพทย์บูรณาการ","SL-K7500LX","525,672","526,272","600 แผ่น","18 แผ่น","582 แผ่น","0.33","192.06","192.06","0.00","ปกติ"
"2569-02","2569","0A3HBJNJBOOONL","ขาว-ดำ (เครื่องขาว-ดำ)","อาคารปิยชาติ ชั้น 2","สำนักวิชาการแพทย์บูรณาการ","SL-K7500LX","525,065","525,672","607 แผ่น","18 แผ่น","589 แผ่น","0.33","194.37","194.37","0.00","ปกติ"
"2569-01","2569","0A3HBJNJBOOONL","ขาว-ดำ (เครื่องขาว-ดำ)","อาคารปิยชาติ ชั้น 2","สำนักวิชาการแพทย์บูรณาการ","SL-K7500LX","523,278","525,065","1,787 แผ่น","54 แผ่น","1,733 แผ่น","0.33","571.89","571.89","0.00","ปกติ"
"2568-12","2569","0A3HBJNJBOOONL","ขาว-ดำ (เครื่องขาว-ดำ)","อาคารปิยชาติ ชั้น 2","สำนักวิชาการแพทย์บูรณาการ","SL-K7500LX","521,888","523,278","1,390 แผ่น","42 แผ่น","1,348 แผ่น","0.33","444.84","444.84","0.00","ปกติ"
"2568-11","2569","0A3HBJNJBOOONL","ขาว-ดำ (เครื่องขาว-ดำ)","อาคารปิยชาติ ชั้น 2","สำนักวิชาการแพทย์บูรณาการ","SL-K7500LX","520,342","521,888","1,546 แผ่น","46 แผ่น","1,500 แผ่น","0.33","495.00","495.00","0.00","ปกติ"
"2568-10","2569","0A3HBJNJBOOONL","ขาว-ดำ (เครื่องขาว-ดำ)","อาคารปิยชาติ ชั้น 2","สำนักวิชาการแพทย์บูรณาการ","SL-K7500LX","519,586","520,342","756 แผ่น","23 แผ่น","733 แผ่น","0.33","241.89","241.89","0.00","ปกติ"
"2567-10","2568","85000198","ขาว-ดำ (เครื่องขาว-ดำ)","อาคารเรียนและปฏิบัติการรวม ชั้น 6","หน่วยศูนย์สอบ","MX-M464N","137,159","138,287","1,128 แผ่น","34 แผ่น","1,094 แผ่น","0.33","361.02","361.02","0.00","ปกติ"
"2568-09","2568","0A3HBJNJCOO02BR","ขาว-ดำ (เครื่องขาว-ดำ)","อาคารเรียนและปฏิบัติการรวม ชั้น 8","ห้องปฏิบัติการวิจัย","SL-K7500LX","537,700","539,222","1,522 แผ่น","46 แผ่น","1,476 แผ่น","0.33","487.08","487.08","0.00","ปกติ"
"2568-08","2568","0A3HBJNJCOO02BR","ขาว-ดำ (เครื่องขาว-ดำ)","อาคารเรียนและปฏิบัติการรวม ชั้น 8","ห้องปฏิบัติการวิจัย","SL-K7500LX","536,834","537,700","866 แผ่น","26 แผ่น","840 แผ่น","0.33","277.20","277.20","0.00","ปกติ"
"2568-07","2568","0A3HBJNJCOO02BR","ขาว-ดำ (เครื่องขาว-ดำ)","อาคารเรียนและปฏิบัติการรวม ชั้น 8","ห้องปฏิบัติการวิจัย","SL-K7500LX","535,556","536,834","1,278 แผ่น","38 แผ่น","1,240 แผ่น","0.33","409.20","409.20","0.00","ปกติ"
"2568-06","2568","0A3HBJNJCOO02BR","ขาว-ดำ (เครื่องขาว-ดำ)","อาคารเรียนและปฏิบัติการรวม ชั้น 8","ห้องปฏิบัติการวิจัย","SL-K7500LX","533,405","535,556","2,151 แผ่น","65 แผ่น","2,086 แผ่น","0.33","688.38","688.38","0.00","ปกติ"
"2568-05","2568","0A3HBJNJCOO02BR","ขาว-ดำ (เครื่องขาว-ดำ)","อาคารเรียนและปฏิบัติการรวม ชั้น 8","ห้องปฏิบัติการวิจัย","SL-K7500LX","532,990","533,405","415 แผ่น","12 แผ่น","403 แผ่น","0.33","132.99","132.99","0.00","ปกติ"
"2568-04","2568","0A3HBJNJCOO02BR","ขาว-ดำ (เครื่องขาว-ดำ)","อาคารเรียนและปฏิบัติการรวม ชั้น 8","ห้องปฏิบัติการวิจัย","SL-K7500LX","532,014","532,990","976 แผ่น","29 แผ่น","947 แผ่น","0.33","312.51","312.51","0.00","ปกติ"
"2568-03","2568","0A3HBJNJCOO02BR","ขาว-ดำ (เครื่องขาว-ดำ)","อาคารเรียนและปฏิบัติการรวม ชั้น 8","ห้องปฏิบัติการวิจัย","SL-K7500LX","531,072","532,014","942 แผ่น","28 แผ่น","914 แผ่น","0.33","301.62","301.62","0.00","ปกติ"
"2568-02","2568","0A3HBJNJCOO02BR","ขาว-ดำ (เครื่องขาว-ดำ)","อาคารเรียนและปฏิบัติการรวม ชั้น 8","ห้องปฏิบัติการวิจัย","SL-K7500LX","530,477","531,072","595 แผ่น","18 แผ่น","577 แผ่น","0.33","190.41","190.41","0.00","ปกติ"
"2568-01","2568","0A3HBJNJCOO02BR","ขาว-ดำ (เครื่องขาว-ดำ)","อาคารเรียนและปฏิบัติการรวม ชั้น 8","ห้องปฏิบัติการวิจัย","SL-K7500LX","529,496","530,477","981 แผ่น","29 แผ่น","952 แผ่น","0.33","314.16","314.16","0.00","ปกติ"
"2567-12","2568","0A3HBJNJCOO02BR","ขาว-ดำ (เครื่องขาว-ดำ)","อาคารเรียนและปฏิบัติการรวม ชั้น 8","ห้องปฏิบัติการวิจัย","SL-K7500LX","528,512","529,496","984 แผ่น","30 แผ่น","954 แผ่น","0.33","314.82","314.82","0.00","ปกติ"
"2567-11","2568","0A3HBJNJCOO02BR","ขาว-ดำ (เครื่องขาว-ดำ)","อาคารเรียนและปฏิบัติการรวม ชั้น 8","ห้องปฏิบัติการวิจัย","SL-K7500LX","527,538","528,512","974 แผ่น","29 แผ่น","945 แผ่น","0.33","311.85","311.85","0.00","ปกติ"
"2569-07","2569","0A3HBJNJCOO02BR","ขาว-ดำ (เครื่องขาว-ดำ)","อาคารเรียนและปฏิบัติการรวม ชั้น 8","ห้องปฏิบัติการวิจัย","SL-K7500LX","547,821","549,373","1,552 แผ่น","47 แผ่น","1,505 แผ่น","0.33","496.65","496.65","0.00","ปกติ"
"2569-06","2569","0A3HBJNJCOO02BR","ขาว-ดำ (เครื่องขาว-ดำ)","อาคารเรียนและปฏิบัติการรวม ชั้น 8","ห้องปฏิบัติการวิจัย","SL-K7500LX","546,825","547,821","996 แผ่น","30 แผ่น","966 แผ่น","0.33","318.78","318.78","0.00","ปกติ"
"2569-05","2569","0A3HBJNJCOO02BR","ขาว-ดำ (เครื่องขาว-ดำ)","อาคารเรียนและปฏิบัติการรวม ชั้น 8","ห้องปฏิบัติการวิจัย","SL-K7500LX","545,510","546,825","1,315 แผ่น","39 แผ่น","1,276 แผ่น","0.33","421.08","421.08","0.00","ปกติ"
"2569-04","2569","0A3HBJNJCOO02BR","ขาว-ดำ (เครื่องขาว-ดำ)","อาคารเรียนและปฏิบัติการรวม ชั้น 8","ห้องปฏิบัติการวิจัย","SL-K7500LX","544,819","545,510","691 แผ่น","21 แผ่น","670 แผ่น","0.33","221.10","221.10","0.00","ปกติ"
"2569-03","2569","0A3HBJNJCOO02BR","ขาว-ดำ (เครื่องขาว-ดำ)","อาคารเรียนและปฏิบัติการรวม ชั้น 8","ห้องปฏิบัติการวิจัย","SL-K7500LX","544,474","544,819","345 แผ่น","10 แผ่น","335 แผ่น","0.33","110.55","110.55","0.00","ปกติ"
"2569-02","2569","0A3HBJNJCOO02BR","ขาว-ดำ (เครื่องขาว-ดำ)","อาคารเรียนและปฏิบัติการรวม ชั้น 8","ห้องปฏิบัติการวิจัย","SL-K7500LX","543,069","544,474","1,405 แผ่น","42 แผ่น","1,363 แผ่น","0.33","449.79","449.79","0.00","ปกติ"
"2569-01","2569","0A3HBJNJCOO02BR","ขาว-ดำ (เครื่องขาว-ดำ)","อาคารเรียนและปฏิบัติการรวม ชั้น 8","ห้องปฏิบัติการวิจัย","SL-K7500LX","541,930","543,069","1,139 แผ่น","34 แผ่น","1,105 แผ่น","0.33","364.65","364.65","0.00","ปกติ"
"2568-12","2569","0A3HBJNJCOO02BR","ขาว-ดำ (เครื่องขาว-ดำ)","อาคารเรียนและปฏิบัติการรวม ชั้น 8","ห้องปฏิบัติการวิจัย","SL-K7500LX","541,218","541,930","712 แผ่น","21 แผ่น","691 แผ่น","0.33","228.03","228.03","0.00","ปกติ"
"2568-11","2569","0A3HBJNJCOO02BR","ขาว-ดำ (เครื่องขาว-ดำ)","อาคารเรียนและปฏิบัติการรวม ชั้น 8","ห้องปฏิบัติการวิจัย","SL-K7500LX","540,007","541,218","1,211 แผ่น","36 แผ่น","1,175 แผ่น","0.33","387.75","387.75","0.00","ปกติ"
"2568-10","2569","0A3HBJNJCOO02BR","ขาว-ดำ (เครื่องขาว-ดำ)","อาคารเรียนและปฏิบัติการรวม ชั้น 8","ห้องปฏิบัติการวิจัย","SL-K7500LX","539,222","540,007","785 แผ่น","24 แผ่น","761 แผ่น","0.33","251.13","251.13","0.00","ปกติ"
"2568-09","2568","0A3HBJNJCOO017H","ขาว-ดำ (เครื่องขาว-ดำ)","อาคารเรียนและปฏิบัติการรวม ชั้น 6","ห้องพักอาจารย์","SL-K7500LX","397,433","400,621","3,188 แผ่น","96 แผ่น","3,092 แผ่น","0.33","1,020.36","1,020.36","0.00","ปกติ"
"2568-09","2568","0A3HBJNJCOOO1ML","ขาว-ดำ (เครื่องขาว-ดำ)","อาคารเรียนและปฏิบัติการรวม ชั้น 9","ห้องพักอาจารย์","SL-K7500LX","270,534","275,824","5,290 แผ่น","159 แผ่น","5,131 แผ่น","0.33","1,693.23","1,693.23","0.00","ปกติ"
"2568-08","2568","0A3HBJNJCOO017H","ขาว-ดำ (เครื่องขาว-ดำ)","อาคารเรียนและปฏิบัติการรวม ชั้น 6","ห้องพักอาจารย์","SL-K7500LX","396,946","397,433","487 แผ่น","15 แผ่น","472 แผ่น","0.33","155.76","155.76","0.00","ปกติ"
"2568-08","2568","0A3HBJNJCOOO1ML","ขาว-ดำ (เครื่องขาว-ดำ)","อาคารเรียนและปฏิบัติการรวม ชั้น 9","ห้องพักอาจารย์","SL-K7500LX","268,176","270,534","2,358 แผ่น","71 แผ่น","2,287 แผ่น","0.33","754.71","754.71","0.00","ปกติ"
"2568-07","2568","0A3HBJNJCOO017H","ขาว-ดำ (เครื่องขาว-ดำ)","อาคารเรียนและปฏิบัติการรวม ชั้น 6","ห้องพักอาจารย์","SL-K7500LX","396,561","396,946","385 แผ่น","12 แผ่น","373 แผ่น","0.33","123.09","123.09","0.00","ปกติ"
"2568-07","2568","0A3HBJNJCOOO1ML","ขาว-ดำ (เครื่องขาว-ดำ)","อาคารเรียนและปฏิบัติการรวม ชั้น 9","ห้องพักอาจารย์","SL-K7500LX","265,698","268,176","2,478 แผ่น","74 แผ่น","2,404 แผ่น","0.33","793.32","793.32","0.00","ปกติ"
"2568-06","2568","0A3HBJNJCOO017H","ขาว-ดำ (เครื่องขาว-ดำ)","อาคารเรียนและปฏิบัติการรวม ชั้น 6","ห้องพักอาจารย์","SL-K7500LX","395,725","396,561","836 แผ่น","25 แผ่น","811 แผ่น","0.33","267.63","267.63","0.00","ปกติ"
"2568-06","2568","0A3HBJNJCOOO1ML","ขาว-ดำ (เครื่องขาว-ดำ)","อาคารเรียนและปฏิบัติการรวม ชั้น 9","ห้องพักอาจารย์","SL-K7500LX","263,677","265,698","2,021 แผ่น","61 แผ่น","1,960 แผ่น","0.33","646.80","646.80","0.00","ปกติ"
"2568-05","2568","0A3HBJNJCOO017H","ขาว-ดำ (เครื่องขาว-ดำ)","อาคารเรียนและปฏิบัติการรวม ชั้น 6","ห้องพักอาจารย์","SL-K7500LX","395,657","395,725","68 แผ่น","2 แผ่น","66 แผ่น","0.33","21.78","21.78","0.00","ปกติ"
"2568-05","2568","0A3HBJNJCOOO1ML","ขาว-ดำ (เครื่องขาว-ดำ)","อาคารเรียนและปฏิบัติการรวม ชั้น 9","ห้องพักอาจารย์","SL-K7500LX","263,051","263,677","626 แผ่น","19 แผ่น","607 แผ่น","0.33","200.31","200.31","0.00","ปกติ"
"2568-04","2568","0A3HBJNJCOO017H","ขาว-ดำ (เครื่องขาว-ดำ)","อาคารเรียนและปฏิบัติการรวม ชั้น 6","ห้องพักอาจารย์","SL-K7500LX","394,957","395,657","700 แผ่น","21 แผ่น","679 แผ่น","0.33","224.07","224.07","0.00","ปกติ"
"2568-04","2568","0A3HBJNJCOOO1ML","ขาว-ดำ (เครื่องขาว-ดำ)","อาคารเรียนและปฏิบัติการรวม ชั้น 9","ห้องพักอาจารย์","SL-K7500LX","261,670","263,051","1,381 แผ่น","41 แผ่น","1,340 แผ่น","0.33","442.20","442.20","0.00","ปกติ"
"2568-03","2568","0A3HBJNJCOO017H","ขาว-ดำ (เครื่องขาว-ดำ)","อาคารเรียนและปฏิบัติการรวม ชั้น 6","ห้องพักอาจารย์","SL-K7500LX","394,607","394,957","350 แผ่น","11 แผ่น","340 แผ่น","0.33","112.20","112.20","0.00","ปกติ"
"2568-03","2568","0A3HBJNJCOOO1ML","ขาว-ดำ (เครื่องขาว-ดำ)","อาคารเรียนและปฏิบัติการรวม ชั้น 9","ห้องพักอาจารย์","SL-K7500LX","258,616","261,670","3,054 แผ่น","92 แผ่น","2,962 แผ่น","0.33","977.46","977.46","0.00","ปกติ"
"2568-02","2568","0A3HBJNJCOO017H","ขาว-ดำ (เครื่องขาว-ดำ)","อาคารเรียนและปฏิบัติการรวม ชั้น 6","ห้องพักอาจารย์","SL-K7500LX","394,042","394,607","565 แผ่น","17 แผ่น","548 แผ่น","0.33","180.84","180.84","0.00","ปกติ"
"2568-02","2568","0A3HBJNJCOOO1ML","ขาว-ดำ (เครื่องขาว-ดำ)","อาคารเรียนและปฏิบัติการรวม ชั้น 9","ห้องพักอาจารย์","SL-K7500LX","256,886","258,616","1,730 แผ่น","52 แผ่น","1,678 แผ่น","0.33","553.74","553.74","0.00","ปกติ"
"2568-01","2568","0A3HBJNJCOO017H","ขาว-ดำ (เครื่องขาว-ดำ)","อาคารเรียนและปฏิบัติการรวม ชั้น 6","ห้องพักอาจารย์","SL-K7500LX","392,978","394,042","1,064 แผ่น","32 แผ่น","1,032 แผ่น","0.33","340.56","340.56","0.00","ปกติ"
"2568-01","2568","0A3HBJNJCOOO1ML","ขาว-ดำ (เครื่องขาว-ดำ)","อาคารเรียนและปฏิบัติการรวม ชั้น 9","ห้องพักอาจารย์","SL-K7500LX","253,172","256,886","3,714 แผ่น","111 แผ่น","3,603 แผ่น","0.33","1,188.99","1,188.99","0.00","ปกติ"
"2567-12","2568","0A3HBJNJCOO017H","ขาว-ดำ (เครื่องขาว-ดำ)","อาคารเรียนและปฏิบัติการรวม ชั้น 6","ห้องพักอาจารย์","SL-K7500LX","392,712","392,978","266 แผ่น","8 แผ่น","258 แผ่น","0.33","85.14","85.14","0.00","ปกติ"
"2567-12","2568","0A3HBJNJCOOO1ML","ขาว-ดำ (เครื่องขาว-ดำ)","อาคารเรียนและปฏิบัติการรวม ชั้น 9","ห้องพักอาจารย์","SL-K7500LX","251,221","253,172","1,951 แผ่น","59 แผ่น","1,892 แผ่น","0.33","624.36","624.36","0.00","ปกติ"
"2567-11","2568","0A3HBJNJCOO017H","ขาว-ดำ (เครื่องขาว-ดำ)","อาคารเรียนและปฏิบัติการรวม ชั้น 6","ห้องพักอาจารย์","SL-K7500LX","392,035","392,712","677 แผ่น","20 แผ่น","657 แผ่น","0.33","216.81","216.81","0.00","ปกติ"
"2567-11","2568","0A3HBJNJCOOO1ML","ขาว-ดำ (เครื่องขาว-ดำ)","อาคารเรียนและปฏิบัติการรวม ชั้น 9","ห้องพักอาจารย์","SL-K7500LX","249,169","251,221","2,052 แผ่น","62 แผ่น","1,990 แผ่น","0.33","656.70","656.70","0.00","ปกติ"
"2567-10","2568","85000458","ขาว-ดำ (เครื่องขาว-ดำ)","อาคารเรียนและปฏิบัติการรวม ชั้น 9","ห้องพักอาจารย์","MX-M464N","188,266","191,992","3,726 แผ่น","112 แผ่น","3,614 แผ่น","0.33","1,192.62","1,192.62","0.00","ปกติ"
"2569-07","2569","0A3HBJNJCOO017H","ขาว-ดำ (เครื่องขาว-ดำ)","อาคารเรียนและปฏิบัติการรวม ชั้น 6","ห้องพักอาจารย์","SL-K7500LX","404,434","404,544","110 แผ่น","3 แผ่น","107 แผ่น","0.33","35.31","35.31","0.00","ปกติ"
"2569-07","2569","0A3HBJNJCOOO1ML","ขาว-ดำ (เครื่องขาว-ดำ)","อาคารเรียนและปฏิบัติการรวม ชั้น 9","ห้องพักอาจารย์","SL-K7500LX","292,886","295,883","2,997 แผ่น","90 แผ่น","2,907 แผ่น","0.33","959.31","959.31","0.00","ปกติ"
"2569-06","2569","0A3HBJNJCOO017H","ขาว-ดำ (เครื่องขาว-ดำ)","อาคารเรียนและปฏิบัติการรวม ชั้น 6","ห้องพักอาจารย์","SL-K7500LX","404,004","404,434","430 แผ่น","13 แผ่น","417 แผ่น","0.33","137.61","137.61","0.00","ปกติ"
"2569-06","2569","0A3HBJNJCOOO1ML","ขาว-ดำ (เครื่องขาว-ดำ)","อาคารเรียนและปฏิบัติการรวม ชั้น 9","ห้องพักอาจารย์","SL-K7500LX","291,208","292,886","1,678 แผ่น","50 แผ่น","1,628 แผ่น","0.33","537.24","537.24","0.00","ปกติ"
"2569-05","2569","0A3HBJNJCOO017H","ขาว-ดำ (เครื่องขาว-ดำ)","อาคารเรียนและปฏิบัติการรวม ชั้น 6","ห้องพักอาจารย์","SL-K7500LX","403,993","404,004","11 แผ่น","0 แผ่น","11 แผ่น","0.33","3.63","3.63","0.00","ปกติ"
"2569-05","2569","0A3HBJNJCOOO1ML","ขาว-ดำ (เครื่องขาว-ดำ)","อาคารเรียนและปฏิบัติการรวม ชั้น 9","ห้องพักอาจารย์","SL-K7500LX","289,738","291,208","1,470 แผ่น","44 แผ่น","1,426 แผ่น","0.33","470.58","470.58","0.00","ปกติ"
"2569-04","2569","0A3HBJNJCOO017H","ขาว-ดำ (เครื่องขาว-ดำ)","อาคารเรียนและปฏิบัติการรวม ชั้น 6","ห้องพักอาจารย์","SL-K7500LX","403,735","403,993","258 แผ่น","8 แผ่น","250 แผ่น","0.33","82.50","82.50","0.00","ปกติ"
"2569-04","2569","0A3HBJNJCOOO1ML","ขาว-ดำ (เครื่องขาว-ดำ)","อาคารเรียนและปฏิบัติการรวม ชั้น 9","ห้องพักอาจารย์","SL-K7500LX","287,449","289,738","2,289 แผ่น","69 แผ่น","2,220 แผ่น","0.33","732.60","732.60","0.00","ปกติ"
"2569-03","2569","0A3HBJNJCOO017H","ขาว-ดำ (เครื่องขาว-ดำ)","อาคารเรียนและปฏิบัติการรวม ชั้น 6","ห้องพักอาจารย์","SL-K7500LX","403,497","403,735","238 แผ่น","7 แผ่น","231 แผ่น","0.33","76.23","76.23","0.00","ปกติ"
"2569-03","2569","0A3HBJNJCOOO1ML","ขาว-ดำ (เครื่องขาว-ดำ)","อาคารเรียนและปฏิบัติการรวม ชั้น 9","ห้องพักอาจารย์","SL-K7500LX","285,395","287,449","2,054 แผ่น","62 แผ่น","1,992 แผ่น","0.33","657.36","657.36","0.00","ปกติ"
"2569-02","2569","0A3HBJNJCOO017H","ขาว-ดำ (เครื่องขาว-ดำ)","อาคารเรียนและปฏิบัติการรวม ชั้น 6","ห้องพักอาจารย์","SL-K7500LX","403,036","403,497","461 แผ่น","14 แผ่น","447 แผ่น","0.33","147.51","147.51","0.00","ปกติ"
"2569-02","2569","0A3HBJNJCOOO1ML","ขาว-ดำ (เครื่องขาว-ดำ)","อาคารเรียนและปฏิบัติการรวม ชั้น 9","ห้องพักอาจารย์","SL-K7500LX","283,935","285,395","1,460 แผ่น","44 แผ่น","1,416 แผ่น","0.33","467.28","467.28","0.00","ปกติ"
"2569-01","2569","0A3HBJNJCOO017H","ขาว-ดำ (เครื่องขาว-ดำ)","อาคารเรียนและปฏิบัติการรวม ชั้น 6","ห้องพักอาจารย์","SL-K7500LX","402,675","403,036","361 แผ่น","11 แผ่น","350 แผ่น","0.33","115.50","115.50","0.00","ปกติ"
"2569-01","2569","0A3HBJNJCOOO1ML","ขาว-ดำ (เครื่องขาว-ดำ)","อาคารเรียนและปฏิบัติการรวม ชั้น 9","ห้องพักอาจารย์","SL-K7500LX","280,194","283,935","3,741 แผ่น","112 แผ่น","3,629 แผ่น","0.33","1,197.57","1,197.57","0.00","ปกติ"
"2568-12","2569","0A3HBJNJCOO017H","ขาว-ดำ (เครื่องขาว-ดำ)","อาคารเรียนและปฏิบัติการรวม ชั้น 6","ห้องพักอาจารย์","SL-K7500LX","401,573","402,675","1,102 แผ่น","33 แผ่น","1,069 แผ่น","0.33","352.77","352.77","0.00","ปกติ"
"2568-12","2569","0A3HBJNJCOOO1ML","ขาว-ดำ (เครื่องขาว-ดำ)","อาคารเรียนและปฏิบัติการรวม ชั้น 9","ห้องพักอาจารย์","SL-K7500LX","279,194","280,194","1,000 แผ่น","30 แผ่น","970 แผ่น","0.33","320.10","320.10","0.00","ปกติ"
"2568-11","2569","0A3HBJNJCOO017H","ขาว-ดำ (เครื่องขาว-ดำ)","อาคารเรียนและปฏิบัติการรวม ชั้น 6","ห้องพักอาจารย์","SL-K7500LX","401,196","401,573","377 แผ่น","11 แผ่น","366 แผ่น","0.33","120.78","120.78","0.00","ปกติ"
"2568-11","2569","0A3HBJNJCOOO1ML","ขาว-ดำ (เครื่องขาว-ดำ)","อาคารเรียนและปฏิบัติการรวม ชั้น 9","ห้องพักอาจารย์","SL-K7500LX","277,508","279,194","1,686 แผ่น","51 แผ่น","1,635 แผ่น","0.33","539.55","539.55","0.00","ปกติ"
"2568-10","2569","0A3HBJNJCOO017H","ขาว-ดำ (เครื่องขาว-ดำ)","อาคารเรียนและปฏิบัติการรวม ชั้น 6","ห้องพักอาจารย์","SL-K7500LX","400,621","401,196","575 แผ่น","17 แผ่น","558 แผ่น","0.33","184.14","184.14","0.00","ปกติ"
"2568-10","2569","0A3HBJNJCOOO1ML","ขาว-ดำ (เครื่องขาว-ดำ)","อาคารเรียนและปฏิบัติการรวม ชั้น 9","ห้องพักอาจารย์","SL-K7500LX","275,824","277,508","1,684 แผ่น","51 แผ่น","1,633 แผ่น","0.33","538.89","538.89","0.00","ปกติ"